Nama Perguruan Tinggi Swasta;Tahun;Mahasiswa;Dosen;Rasio
Akademi Akuntansi Bima Sakapenta;2021;0;0;-
Akademi Akuntansi Effendi Harahap;2021;240;11;1:22
Akademi Akuntansi Muhammadiyah Klaten;2021;11;12;1:1
Akademi Analis Kesehatan 17 Agustus 1945;2021;207;7;1:30
Akademi Analis Kesehatan Pekalongan;2021;269;9;1:30
Akademi Bahasa Asing Harapan Bangsa;2021;44;0;-
Akademi Bahasa Asing IEC Putra Bangsa Tegal;2021;0;0;-
Akademi Bahasa Asing Prawira Martha Sukoharjo;2021;29;12;1:3
Akademi Bahasa Asing RA Kartini Surakarta;2021;0;0;-
Akademi Bahasa Asing St. Pignatelli;2021;31;5;1:7
Akademi Entrepreneurship Terang Bangsa;2021;34;13;1:3
Akademi Farmasi 17 Agustus 1945 Semarang;2021;44;11;1:4
Akademi Farmasi Kusuma Husada Purwokerto;2021;84;5;1:17
Akademi Inovasi Indonesia;2021;0;0;-
Akademi Kebidanan Bhakti Nusantara Salatiga;2021;0;0;-
Akademi Kebidanan Bhakti Pertiwi Pemalang;2021;27;12;1:3
Akademi Kebidanan Dulang Mas;2021;0;0;-
Akademi Kebidanan Duta Dharma;2021;47;19;1:3
Akademi Kebidanan Giri Satria Husada Wonogiri;2021;0;11;-
Akademi Kebidanan Graha Mandiri Cilacap;2021;50;12;1:5
Akademi Kebidanan Harapan Ibu Pekalongan;2021;36;11;1:4
Akademi Kebidanan Islam Al-hikmah;2021;91;13;1:7
Akademi Kebidanan KH Putra;2021;70;13;1:6
Akademi Kebidanan Mardi Rahayu;2021;0;12;-
Akademi Kebidanan Siti Fatimah;2021;34;8;1:5
Akademi Kebidanan Yappi Sragen;2021;10;18;1:1
Akademi Keperawatan Al-Hikmah Brebes;2021;139;19;1:8
Akademi Keperawatan Alkautsar Temanggung;2021;72;9;1:8
Akademi Keperawatan Giri Satria Husada;2021;155;12;1:13
Akademi Keperawatan Insan Husada Surakarta;2021;230;18;1:13
Akademi Keperawatan Kabupaten Purworejo;2021;245;12;1:21
Akademi Keperawatan Karya Bhakti Nusantara;2021;216;8;1:27
Akademi Keperawatan Krida Husada;2021;234;17;1:14
Akademi Keperawatan Patria Husada Surakarta;2021;85;10;1:9
Akademi Keperawatan Pragolopati;2021;0;0;-
Akademi Keperawatan Primaya;2021;0;0;-
Akademi Keperawatan Yappi Sragen;2021;108;13;1:9
Akademi Kesehatan 17 Agustus 1945 Semarang;2021;0;0;-
Akademi Kesehatan Asih Husada;2021;97;24;1:5
Akademi Kesehatan Muhammadiyah Temanggung;2021;0;0;-
Akademi Kesejahteraan Sosial Ibu Kartini;2021;271;18;1:16
Akademi Keuangan Perbankan Widya Buana;2021;0;13;-
Akademi Komunitas Adiyasa Karanganyar;2021;0;0;-
Akademi Komunitas Al-Kahfi;2021;0;3;-
Akademi Komunitas Balekambang;2021;60;6;1:10
Akademi Komunitas BPPMNU Banat;2021;16;5;1:4
Akademi Komunitas Miftahus Saadah Grobogan;2021;0;0;-
Akademi Komunitas Semen Indonesia Rembang;2021;213;16;1:14
Akademi Manajemen Rumah Sakit Kusuma Husada;2021;18;6;1:3
Akademi Maritim Nusantara Cilacap;2021;897;27;1:34
Akademi Pariwisata Eka Sakti;2021;0;1;-
Akademi Pariwisata Mandala Bhakti;2021;110;20;1:6
Akademi Pariwisata Widya Nusantara Surakarta;2021;216;14;1:16
Akademi Pelayaran Nasional Surakarta;2021;490;18;1:28
Akademi Pertanian HKTI Banyumas;2021;0;9;-
Akademi Peternakan Karanganyar;2021;197;10;1:20
Akademi Sekretari Dan Manajemen Santa Anna;2021;121;11;1:11
Akademi Sekretari Marsudirini Santa Maria;2021;106;11;1:10
Akademi Seni Dan Desain Indonesia Surakarta;2021;110;12;1:10
Akademi Seni Mangkunegaran Surakarta;2021;81;35;1:3
Akademi Statistika Muhammadiyah Semarang;2021;110;9;1:13
Akademi Teknik Elektro Medik Semarang;2021;332;16;1:21
Akademi Teknik PIKA;2021;117;13;1:9
Akademi Teknik Tirta Wiyata;2021;438;13;1:34
Akademi Teknik Wacana Manunggal Semarang;2021;137;20;1:7
Akademi Teknologi AUB;2021;71;12;1:6
AKBID Bhakti Putra Bangsa Purworejo;2021;87;21;1:5
AKBID Muslimat Nahdlatul Ulama Kudus;2021;34;7;1:5
AKBID Wira Husada Nusantara;2021;0;7;-
AMIK Harapan Bangsa Surakarta;2021;250;0;-
AMIK Jakarta Teknologi Cipta;2021;329;21;1:16
AMIK Jakarta Teknologi Cipta;2021;0;0;-
AMIK PGRI Kebumen;2021;69;9;1:8
AMIK Veteran Purwokerto;2021;32;9;1:4
AMIK YMI Tegal;2021;153;20;1:8
Institut Karya Mulia Bangsa;2021;0;0;-
Institut Teknologi Bisnis AAS Indonesia;2021;1266;41;1:31
Institut Teknologi Bisnis dan Kesehatan Bhakti Putra Bangsa Indonesia;2021;0;0;-
Institut Teknologi dan Bisnis Adias;2021;0;0;-
Institut Teknologi dan Bisnis Kristen Bukit Pengharapan;2021;50;7;1:8
Institut Teknologi dan Bisnis Muhammadiyah Grobogan;2021;0;0;-
Institut Teknologi dan Bisnis Muhammadiyah Purbalingga;2021;0;0;-
Institut Teknologi dan Bisnis Semarang;2021;1947;35;1:56
Institut Teknologi Dan Sains Nahdlatul Ulama Pekalongan;2021;368;20;1:19
Institut Teknologi Kesehatan Cendekia Utama Kudus;2021;0;0;-
Institut Teknologi Sains dan Kesehatan PKU Muhammadiyah Surakarta;2021;949;59;1:17
Institut Teknologi Statistika dan Bisnis Muhammadiyah Semarang;2021;0;0;-
Institut Teknologi Telkom Purwokerto;2021;4147;158;1:27
Institut Widya Pratama;2021;0;0;-
Politeknik Akbara;2021;307;17;1:19
Politeknik Assalaam Surakarta;2021;0;0;-
Politeknik ATMI Surakarta;2021;689;76;1:10
Politeknik Baja Tegal;2021;258;22;1:12
Politeknik Balekambang Jepara;2021;60;6;1:10
Politeknik Banjarnegara;2021;117;26;1:5
Politeknik Bhakti Semesta;2021;0;0;-
Politeknik Bina Trada Semarang;2021;107;12;1:9
Politeknik Bisnis dan Perpajakan Indonesia;2021;0;0;-
Politeknik Bumi Akpelni;2021;1185;42;1:29
Politeknik Dharma Patria;2021;502;34;1:15
Politeknik Gusdurian;2021;0;0;-
Politeknik Harapan Bersama;2021;4391;173;1:26
Politeknik Indonusa Surakarta;2021;1608;50;1:33
Politeknik Insan Husada Surakarta;2021;0;0;-
Politeknik Katolik Mangunwijaya;2021;346;31;1:12
Politeknik Kesehatan Bhakti Mulia;2021;432;26;1:17
Politeknik Kudus;2021;69;25;1:3
Politeknik Maarif;2021;0;0;-
Politeknik Madyathika;2021;0;0;-
Politeknik Manufaktur Ceper;2021;129;22;1:6
Politeknik Mitra Karya Mandiri;2021;181;27;1:7
Politeknik Muhammadiyah Magelang;2021;138;36;1:4
Politeknik Muhammadiyah Tegal;2021;451;38;1:12
Politeknik Nest;2021;0;0;-
Politeknik Pancasakti Global;2021;0;0;-
Politeknik Piksi Ganesha Indonesia;2021;0;0;-
Politeknik Pratama;2021;130;29;1:5
Politeknik Pratama Mulia;2021;2586;62;1:42
Politeknik Purbaya;2021;467;29;1:17
Politeknik Pusmanu;2021;409;17;1:25
Politeknik Rukun Abdi Luhur;2021;0;0;-
Politeknik Santo Paulus Surakarta;2021;79;20;1:4
Politeknik Sawunggalih Aji;2021;409;33;1:13
Politeknik Stibisnis;2021;395;35;1:12
Politeknik Trisila Dharma;2021;134;19;1:8
Politeknik Yakpermas Banyumas;2021;235;26;1:10
Sekolah Tinggi Ilmu Administrasi Madani;2021;212;29;1:8
Sekolah Tinggi Ilmu Ekonomi Adi Unggul Bhirawa;2021;1634;70;1:24
Sekolah Tinggi Ilmu Ekonomi AMA;2021;859;33;1:27
Sekolah Tinggi Ilmu Ekonomi Anindyaguna;2021;820;14;1:59
Sekolah Tinggi Ilmu Ekonomi Assholeh;2021;508;32;1:16
Sekolah Tinggi Ilmu Ekonomi Atma Bhakti;2021;2580;27;1:96
Sekolah Tinggi Ilmu Ekonomi Bank BPD Jawa Tengah;2021;1775;43;1:42
Sekolah Tinggi Ilmu Ekonomi Cendekia Karya Utama;2021;484;20;1:25
Sekolah Tinggi Ilmu Ekonomi Dharma Putra Semarang;2021;752;40;1:19
Sekolah Tinggi Ilmu Ekonomi Muhammadiyah Cilacap;2021;343;28;1:13
Sekolah Tinggi Ilmu Ekonomi Pariwisata Indonesia;2021;2224;66;1:34
Sekolah Tinggi Ilmu Ekonomi Pelita Nusantara;2021;377;13;1:29
Sekolah Tinggi Ilmu Ekonomi Putra Bangsa;2021;1778;0;-
Sekolah Tinggi Ilmu Ekonomi Rajawali;2021;450;20;1:23
Sekolah Tinggi Ilmu Ekonomi Satria;2021;451;22;1:21
Sekolah Tinggi Ilmu Ekonomi Semarang;2021;3321;69;1:49
Sekolah Tinggi Ilmu Ekonomi St. Pignatelli;2021;238;23;1:11
Sekolah Tinggi Ilmu Ekonomi Studi Ekonomi Modern;2021;236;17;1:14
Sekolah Tinggi Ilmu Ekonomi Surakarta;2021;2355;39;1:61
Sekolah Tinggi Ilmu Ekonomi Swasta Mandiri;2021;268;21;1:13
Sekolah Tinggi Ilmu Ekonomi Tamansiswa;2021;601;16;1:38
Sekolah Tinggi Ilmu Ekonomi Totalwin;2021;2245;32;1:71
Sekolah Tinggi Ilmu Ekonomi Widya Manggala;2021;727;20;1:37
Sekolah Tinggi Ilmu Ekonomi Widya Manggalia;2021;271;10;1:28
Sekolah Tinggi Ilmu Ekonomi Wijaya Mulya;2021;450;20;1:23
Sekolah Tinggi Ilmu Ekonomi YPPI;2021;600;40;1:15
Sekolah Tinggi Ilmu Farmasi Nusaputera;2021;0;22;-
Sekolah Tinggi Ilmu Farmasi Yayasan Pharmasi;2021;1226;70;1:18
Sekolah Tinggi Ilmu Kesehatan Bakti Utama Pati;2021;171;24;1:8
Sekolah Tinggi Ilmu Kesehatan Brebes;2021;154;29;1:6
Sekolah Tinggi Ilmu Kesehatan Cendekia Utama;2021;1031;54;1:20
Sekolah Tinggi Ilmu Kesehatan Duta Gama Klaten;2021;290;38;1:8
Sekolah Tinggi Ilmu Kesehatan Elisabeth Semarang;2021;361;25;1:15
Sekolah Tinggi Ilmu Kesehatan Graha Mandiri Cilacap;2021;0;0;-
Sekolah Tinggi Ilmu Kesehatan HAKLI;2021;356;50;1:8
Sekolah Tinggi Ilmu Kesehatan Kendal;2021;513;51;1:11
Sekolah Tinggi Ilmu Kesehatan Kesdam IV / Diponegoro;2021;287;14;1:21
Sekolah Tinggi Ilmu Kesehatan Mambaul Ulum Surakarta;2021;264;35;1:8
Sekolah Tinggi Ilmu Kesehatan Muhammadiyah Kendal;2021;176;29;1:7
Sekolah Tinggi Ilmu Kesehatan Muhammadiyah Wonosobo;2021;45;7;1:7
Sekolah Tinggi Ilmu Kesehatan Nasional;2021;1039;53;1:20
Sekolah Tinggi Ilmu Kesehatan Ngesti Waluyo;2021;275;14;1:20
Sekolah Tinggi Ilmu Kesehatan Panti Kosala;2021;255;12;1:22
Sekolah Tinggi Ilmu Kesehatan Panti Wilasa;2021;76;20;1:4
Sekolah Tinggi Ilmu Kesehatan Pemkab Purworejo;2021;0;0;-
Sekolah Tinggi Ilmu Kesehatan Semarang;2021;0;0;-
Sekolah Tinggi Ilmu Kesehatan Serulingmas;2021;291;29;1:11
Sekolah Tinggi Ilmu Kesehatan Tujuh Belas;2021;274;20;1:14
Sekolah Tinggi Ilmu Kesehatan YLPP Purwokerto;2021;0;0;-
Sekolah Tinggi Ilmu Komputer Yos Sudarso;2021;651;31;1:21
Sekolah Tinggi Ilmu Komunikasi;2021;262;14;1:19
Sekolah Tinggi Ilmu Perikanan Kalinyamat;2021;0;0;-
Sekolah Tinggi Ilmu Pertanian Farming Semarang;2021;79;16;1:5
Sekolah Tinggi Kesehatan Ar-Rum;2021;107;21;1:6
Sekolah Tinggi Kesehatan Bina Cipta Husada;2021;110;17;1:7
Sekolah Tinggi Manajemen Informatika dan Komputer AMIKOM Surakarta;2021;0;0;-
Sekolah Tinggi Manajemen Informatika dan Komputer Komputama Majenang;2021;0;0;-
Sekolah Tinggi Manajemen Informatika dan Komputer PGRI Arungbinang Kebumen;2021;0;0;-
Sekolah Tinggi Manajemen Informatika dan Komputer YMI;2021;0;0;-
Sekolah Tinggi Pariwisata Sahid Surakarta;2021;677;31;1:22
Sekolah Tinggi Teknik Pati;2021;68;20;1:4
Sekolah Tinggi Teknik Wiworotomo;2021;453;30;1:16
Sekolah Tinggi Teknologi Minyak dan Gas Cilacap;2021;53;10;1:6
Sekolah Tinggi Teknologi Muhammadiyah Kebumen;2021;23;25;1:1
Sekolah Tinggi Teknologi Ronggolawe;2021;816;45;1:19
Sekolah Tinggi Teknologi Warga Surakarta;2021;1237;56;1:23
STIA Asuh Mitra Solo;2021;196;35;1:6
STIKES Bhakti Mandala Husada Slawi;2021;1405;54;1:27
STIKES Estu Utomo;2021;568;27;1:22
STIKES Ibnu Sina Ajibarang;2021;286;10;1:29
STIKES Karya Husada Semarang;2021;1306;77;1:17
STIKES Mambaul Ulum Surakarta;2021;0;0;-
STIKES Mitra Husada Karanganyar;2021;410;45;1:10
STIKES Muhammadiyah Gombong;2021;1486;61;1:25
STIKES Muhammadiyah Klaten;2021;1019;60;1:17
STIKES Muhammadiyah Tegal;2021;11;6;1:2
STIKES Telogorejo Semarang;2021;1036;60;1:18
STIMIK Tunas Bangsa Banjarnegara;2021;0;0;-
STKIP Darussalam Cilacap;2021;259;18;1:15
STKIP Majenang;2021;213;28;1:8
STKIP Muhammadiyah Batang;2021;41;13;1:4
STKIP Muhammadiyah Blora;2021;67;8;1:9
STKIP Nahdlatul Ulama Kabupaten Tegal;2021;299;18;1:17
STMIK AKI Pati;2021;190;16;1:12
STMIK AMIKOM Surakarta;2021;475;24;1:20
STMIK AUB Surakarta;2021;343;28;1:13
STMIK Bina Patria;2021;579;39;1:15
STMIK Himsya;2021;530;19;1:28
STMIK Komputama Majenang;2021;375;21;1:18
STMIK Muhammadiyah Paguyangan Brebes;2021;393;19;1:21
STMIK Sinar Nusantara;2021;1704;37;1:47
STMIK Widya Pratama;2021;1652;72;1:23
STMIK Widya Utama;2021;945;43;1:22
STMIK YMI Tegal;2021;308;14;1:22
STT Minyak dan Gas Cilacap;2021;0;0;-
Universitas 17 Agustus 1945 Semarang;2021;8287;251;1:34
Universitas Aisyiyah Surakarta;2021;1362;82;1:17
Universitas Aki;2021;1387;70;1:20
Universitas Al Hikmah Jepara;2021;0;0;-
Universitas Al-Irsyad Cilacap;2021;986;71;1:14
Universitas Amikom Purwokerto;2021;2913;115;1:26
Universitas An Nuur;2021;689;70;1:10
Universitas Bhamada Slawi;2021;0;0;-
Universitas Bima Sakapenta;2021;0;0;-
Universitas Boyolali;2021;661;77;1:9
Universitas Darul Ulum Islamic Centre Sudirman;2021;1623;72;1:23
Universitas Dharma AUB Surakarta;2021;0;0;-
Universitas Dian Nuswantoro;2021;17473;373;1:47
Universitas Duta Bangsa Surakarta;2021;4138;150;1:28
Universitas Harapan Bangsa;2021;1574;74;1:22
Universitas Islam Batik;2021;4392;100;1:44
Universitas Islam Nahdlatul Ulama Jepara;2021;8121;201;1:41
Universitas Islam Sultan Agung;2021;17618;583;1:31
Universitas Ivet;2021;2525;152;1:17
Universitas Karya Husada Semarang;2021;0;0;-
Universitas Katolik Soegijapranata;2021;9580;248;1:39
Universitas Kristen Satya Wacana;2021;15792;552;1:29
Universitas Kristen Surakarta;2021;268;36;1:8
Universitas Kusuma Husada Surakarta;2021;2572;138;1:19
Universitas Maarif Nahdlatul Ulama Kebumen;2021;1005;80;1:13
Universitas Maritim AMNI;2021;3114;69;1:46
Universitas Muhadi Setiabudi;2021;1411;111;1:13
Universitas Muhammadiyah Brebes;2021;0;0;-
Universitas Muhammadiyah Gombong;2021;0;0;-
Universitas Muhammadiyah Karanganyar;2021;0;0;-
Universitas Muhammadiyah Kendal Batang;2021;0;0;-
Universitas Muhammadiyah Klaten;2021;0;0;-
Universitas Muhammadiyah Kudus;2021;2393;189;1:13
Universitas Muhammadiyah Magelang;2021;5846;195;1:30
Universitas Muhammadiyah Pekajangan Pekalongan;2021;2633;115;1:23
Universitas Muhammadiyah Purwokerto;2021;14826;419;1:36
Universitas Muhammadiyah Purworejo;2021;4075;134;1:31
Universitas Muhammadiyah Semarang;2021;9601;319;1:31
Universitas Muhammadiyah Surakarta;2021;35605;743;1:48
Universitas Muhammadiyah Tegal;2021;0;0;-
Universitas Muria Kudus;2021;12753;248;1:52
Universitas Nahdlatul Ulama;2021;0;0;-
Universitas Nahdlatul Ulama Al Ghazali Cilacap;2021;2387;61;1:40
Universitas Nahdlatul Ulama Purwokerto;2021;1504;119;1:13
Universitas Nahdlatul Ulama Surakarta;2021;2542;99;1:26
Universitas Nasional Karangturi Semarang;2021;187;44;1:5
Universitas Ngudi Waluyo;2021;3442;125;1:28
Universitas Pancasakti;2021;0;0;-
Universitas Pancasakti Tegal;2021;8260;214;1:39
Universitas Pandanaran;2021;995;88;1:12
Universitas Pekalongan;2021;6610;196;1:34
Universitas Peradaban;2021;2308;120;1:20
Universitas Perwira Purbalingga;2021;321;30;1:11
Universitas PGRI Semarang;2021;14837;343;1:44
Universitas Pignatelli Triputra;2021;0;0;-
Universitas Putra Bangsa;2021;0;0;-
Universitas Safin Pati;2021;0;0;-
Universitas Sahid Surakarta;2021;1244;81;1:16
Universitas Sains Alqur an;2021;9874;263;1:38
Universitas Sains Dan Teknologi Komputer;2021;4795;183;1:27
Universitas Selamat Sri;2021;2708;135;1:21
Universitas Semarang;2021;21533;452;1:48
Universitas Setia Budi Surakarta;2021;2589;137;1:19
Universitas Slamet Riyadi;2021;7204;145;1:50
Universitas Sragen;2021;0;0;-
Universitas Stikubank;2021;5376;170;1:32
Universitas Sugeng Hartono;2021;0;0;-
Universitas Sultan Fatah;2021;972;95;1:11
Universitas Surakarta;2021;6170;193;1:32
Universitas Tidar Magelang;2021;0;0;-
Universitas Tunas Pembangunan Surakarta (UTP);2021;2607;132;1:20
Universitas Veteran Bangun Nusantara;2021;5481;169;1:33
Universitas Wahid Hasyim;2021;9273;194;1:48
Universitas Widya Dharma;2021;1936;187;1:11
Universitas Widya Husada Semarang;2021;1677;75;1:23
Universitas Wijaya Kusuma Purwokerto;2021;6671;150;1:45
Universitas YPPI Rembang;2021;0;0;-
Akademi Akuntansi Bima Sakapenta;2022;0;0;-
Akademi Akuntansi Effendi Harahap;2022;177;9;1:20
Akademi Akuntansi Muhammadiyah Klaten;2022;0;0;-
Akademi Analis Kesehatan 17 Agustus 1945;2022;123;6;1:21
Akademi Analis Kesehatan Pekalongan;2022;220;8;1:28
Akademi Bahasa Asing Harapan Bangsa;2022;0;0;-
Akademi Bahasa Asing IEC Putra Bangsa Tegal;2022;0;0;-
Akademi Bahasa Asing Prawira Martha Sukoharjo;2022;0;0;-
Akademi Bahasa Asing RA Kartini Surakarta;2022;0;0;-
Akademi Bahasa Asing St. Pignatelli;2022;0;0;-
Akademi Entrepreneurship Terang Bangsa;2022;18;19;1:1
Akademi Farmasi 17 Agustus 1945 Semarang;2022;33;7;1:5
Akademi Farmasi Kusuma Husada Purwokerto;2022;5;8;1:1
Akademi Inovasi Indonesia;2022;0;0;-
Akademi Kebidanan Bhakti Nusantara Salatiga;2022;0;0;-
Akademi Kebidanan Bhakti Pertiwi Pemalang;2022;0;0;-
Akademi Kebidanan Dulang Mas;2022;0;0;-
Akademi Kebidanan Duta Dharma;2022;0;0;-
Akademi Kebidanan Giri Satria Husada Wonogiri;2022;0;4;-
Akademi Kebidanan Graha Mandiri Cilacap;2022;0;0;-
Akademi Kebidanan Harapan Ibu Pekalongan;2022;42;8;1:6
Akademi Kebidanan Islam Al-hikmah;2022;0;0;-
Akademi Kebidanan KH Putra;2022;112;7;1:16
Akademi Kebidanan Mardi Rahayu;2022;20;15;1:2
Akademi Kebidanan Siti Fatimah;2022;39;7;1:6
Akademi Kebidanan Yappi Sragen;2022;0;10;-
Akademi Keperawatan Al-Hikmah Brebes;2022;173;12;1:15
Akademi Keperawatan Alkautsar Temanggung;2022;108;10;1:11
Akademi Keperawatan Giri Satria Husada;2022;58;9;1:7
Akademi Keperawatan Insan Husada Surakarta;2022;0;0;-
Akademi Keperawatan Kabupaten Purworejo;2022;263;8;1:33
Akademi Keperawatan Karya Bhakti Nusantara;2022;237;8;1:30
Akademi Keperawatan Krida Husada;2022;0;0;-
Akademi Keperawatan Patria Husada Surakarta;2022;51;5;1:11
Akademi Keperawatan Pragolopati;2022;0;0;-
Akademi Keperawatan Primaya;2022;0;0;-
Akademi Keperawatan Yappi Sragen;2022;80;12;1:7
Akademi Kesehatan 17 Agustus 1945 Semarang;2022;0;0;-
Akademi Kesehatan Asih Husada;2022;48;14;1:4
Akademi Kesehatan Muhammadiyah Temanggung;2022;0;0;-
Akademi Kesejahteraan Sosial Ibu Kartini;2022;208;21;1:10
Akademi Keuangan Perbankan Widya Buana;2022;0;10;-
Akademi Komunitas Adiyasa Karanganyar;2022;0;0;-
Akademi Komunitas Al-Kahfi;2022;218;8;1:28
Akademi Komunitas Balekambang;2022;0;0;-
Akademi Komunitas BPPMNU Banat;2022;23;6;1:4
Akademi Komunitas Miftahus Saadah Grobogan;2022;0;0;-
Akademi Komunitas Semen Indonesia Rembang;2022;0;8;-
Akademi Manajemen Rumah Sakit Kusuma Husada;2022;0;4;-
Akademi Maritim Nusantara Cilacap;2022;630;25;1:26
Akademi Pariwisata Eka Sakti;2022;0;4;-
Akademi Pariwisata Mandala Bhakti;2022;49;14;1:4
Akademi Pariwisata Widya Nusantara Surakarta;2022;0;0;-
Akademi Pelayaran Nasional Surakarta;2022;445;17;1:27
Akademi Pertanian HKTI Banyumas;2022;0;3;-
Akademi Peternakan Karanganyar;2022;0;0;-
Akademi Sekretari Dan Manajemen Santa Anna;2022;0;0;-
Akademi Sekretari Marsudirini Santa Maria;2022;0;6;-
Akademi Seni Dan Desain Indonesia Surakarta;2022;1;10;1:1
Akademi Seni Mangkunegaran Surakarta;2022;0;22;-
Akademi Statistika Muhammadiyah Semarang;2022;0;0;-
Akademi Teknik Elektro Medik Semarang;2022;0;0;-
Akademi Teknik PIKA;2022;127;7;1:19
Akademi Teknik Tirta Wiyata;2022;383;11;1:35
Akademi Teknik Wacana Manunggal Semarang;2022;107;15;1:8
Akademi Teknologi AUB;2022;0;0;-
AKBID Bhakti Putra Bangsa Purworejo;2022;0;0;-
AKBID Muslimat Nahdlatul Ulama Kudus;2022;34;7;1:5
AKBID Wira Husada Nusantara;2022;0;4;-
AMIK Harapan Bangsa Surakarta;2022;0;0;-
AMIK Jakarta Teknologi Cipta;2022;0;13;-
AMIK Jakarta Teknologi Cipta;2022;0;0;-
AMIK PGRI Kebumen;2022;116;11;1:11
AMIK Veteran Purwokerto;2022;0;0;-
AMIK YMI Tegal;2022;0;0;-
Institut Karya Mulia Bangsa;2022;0;0;-
Institut Teknologi Bisnis AAS Indonesia;2022;1203;42;1:29
Institut Teknologi Bisnis dan Kesehatan Bhakti Putra Bangsa Indonesia;2022;0;0;-
Institut Teknologi dan Bisnis Adias;2022;0;0;-
Institut Teknologi dan Bisnis Kristen Bukit Pengharapan;2022;94;13;1:8
Institut Teknologi dan Bisnis Muhammadiyah Grobogan;2022;0;0;-
Institut Teknologi dan Bisnis Muhammadiyah Purbalingga;2022;0;0;-
Institut Teknologi dan Bisnis Semarang;2022;897;38;1:24
Institut Teknologi Dan Sains Nahdlatul Ulama Pekalongan;2022;1036;46;1:23
Institut Teknologi Kesehatan Cendekia Utama Kudus;2022;0;0;-
Institut Teknologi Sains dan Kesehatan PKU Muhammadiyah Surakarta;2022;1192;59;1:21
Institut Teknologi Statistika dan Bisnis Muhammadiyah Semarang;2022;0;0;-
Institut Teknologi Telkom Purwokerto;2022;4224;177;1:24
Institut Widya Pratama;2022;0;0;-
Politeknik Akbara;2022;257;23;1:12
Politeknik Assalaam Surakarta;2022;0;0;-
Politeknik ATMI Surakarta;2022;737;69;1:11
Politeknik Baja Tegal;2022;244;17;1:15
Politeknik Balekambang Jepara;2022;106;19;1:6
Politeknik Banjarnegara;2022;145;24;1:7
Politeknik Bhakti Semesta;2022;0;0;-
Politeknik Bina Trada Semarang;2022;52;17;1:4
Politeknik Bisnis dan Perpajakan Indonesia;2022;0;0;-
Politeknik Bumi Akpelni;2022;635;48;1:14
Politeknik Dharma Patria;2022;0;0;-
Politeknik Gusdurian;2022;0;0;-
Politeknik Harapan Bersama;2022;3285;125;1:27
Politeknik Indonusa Surakarta;2022;1463;56;1:27
Politeknik Insan Husada Surakarta;2022;0;0;-
Politeknik Katolik Mangunwijaya;2022;360;24;1:15
Politeknik Kesehatan Bhakti Mulia;2022;419;27;1:16
Politeknik Kudus;2022;62;18;1:4
Politeknik Maarif;2022;0;0;-
Politeknik Madyathika;2022;0;0;-
Politeknik Manufaktur Ceper;2022;112;19;1:6
Politeknik Mitra Karya Mandiri;2022;221;16;1:14
Politeknik Muhammadiyah Magelang;2022;62;28;1:3
Politeknik Muhammadiyah Tegal;2022;417;36;1:12
Politeknik Nest;2022;0;0;-
Politeknik Pancasakti Global;2022;0;0;-
Politeknik Piksi Ganesha Indonesia;2022;0;0;-
Politeknik Pratama;2022;153;22;1:7
Politeknik Pratama Mulia;2022;515;55;1:10
Politeknik Purbaya;2022;492;16;1:31
Politeknik Pusmanu;2022;0;0;-
Politeknik Rukun Abdi Luhur;2022;41;15;1:3
Politeknik Santo Paulus Surakarta;2022;76;22;1:4
Politeknik Sawunggalih Aji;2022;304;25;1:13
Politeknik Stibisnis;2022;276;24;1:12
Politeknik Trisila Dharma;2022;216;15;1:15
Politeknik Yakpermas Banyumas;2022;240;25;1:10
Sekolah Tinggi Ilmu Administrasi Madani;2022;205;17;1:13
Sekolah Tinggi Ilmu Ekonomi Adi Unggul Bhirawa;2022;0;0;-
Sekolah Tinggi Ilmu Ekonomi AMA;2022;709;27;1:27
Sekolah Tinggi Ilmu Ekonomi Anindyaguna;2022;345;11;1:32
Sekolah Tinggi Ilmu Ekonomi Assholeh;2022;0;0;-
Sekolah Tinggi Ilmu Ekonomi Atma Bhakti;2022;1676;21;1:80
Sekolah Tinggi Ilmu Ekonomi Bank BPD Jawa Tengah;2022;1295;31;1:42
Sekolah Tinggi Ilmu Ekonomi Cendekia Karya Utama;2022;605;16;1:38
Sekolah Tinggi Ilmu Ekonomi Dharma Putra Semarang;2022;427;36;1:12
Sekolah Tinggi Ilmu Ekonomi Muhammadiyah Cilacap;2022;198;28;1:8
Sekolah Tinggi Ilmu Ekonomi Pariwisata Indonesia;2022;1426;58;1:25
Sekolah Tinggi Ilmu Ekonomi Pelita Nusantara;2022;254;12;1:22
Sekolah Tinggi Ilmu Ekonomi Putra Bangsa;2022;0;0;-
Sekolah Tinggi Ilmu Ekonomi Rajawali;2022;266;12;1:23
Sekolah Tinggi Ilmu Ekonomi Satria;2022;150;14;1:11
Sekolah Tinggi Ilmu Ekonomi Semarang;2022;1908;67;1:29
Sekolah Tinggi Ilmu Ekonomi St. Pignatelli;2022;0;0;-
Sekolah Tinggi Ilmu Ekonomi Studi Ekonomi Modern;2022;813;15;1:55
Sekolah Tinggi Ilmu Ekonomi Surakarta;2022;1635;24;1:69
Sekolah Tinggi Ilmu Ekonomi Swasta Mandiri;2022;250;12;1:21
Sekolah Tinggi Ilmu Ekonomi Tamansiswa;2022;379;21;1:19
Sekolah Tinggi Ilmu Ekonomi Totalwin;2022;2100;33;1:64
Sekolah Tinggi Ilmu Ekonomi Widya Manggala;2022;250;20;1:13
Sekolah Tinggi Ilmu Ekonomi Widya Manggalia;2022;205;9;1:23
Sekolah Tinggi Ilmu Ekonomi Wijaya Mulya;2022;349;15;1:24
Sekolah Tinggi Ilmu Ekonomi YPPI;2022;0;0;-
Sekolah Tinggi Ilmu Farmasi Nusaputera;2022;400;22;1:19
Sekolah Tinggi Ilmu Farmasi Yayasan Pharmasi;2022;1254;61;1:21
Sekolah Tinggi Ilmu Kesehatan Bakti Utama Pati;2022;268;21;1:13
Sekolah Tinggi Ilmu Kesehatan Brebes;2022;148;27;1:6
Sekolah Tinggi Ilmu Kesehatan Cendekia Utama;2022;0;0;-
Sekolah Tinggi Ilmu Kesehatan Duta Gama Klaten;2022;410;27;1:16
Sekolah Tinggi Ilmu Kesehatan Elisabeth Semarang;2022;223;26;1:9
Sekolah Tinggi Ilmu Kesehatan Graha Mandiri Cilacap;2022;0;0;-
Sekolah Tinggi Ilmu Kesehatan HAKLI;2022;232;31;1:8
Sekolah Tinggi Ilmu Kesehatan Kendal;2022;352;43;1:9
Sekolah Tinggi Ilmu Kesehatan Kesdam IV / Diponegoro;2022;285;13;1:22
Sekolah Tinggi Ilmu Kesehatan Mambaul Ulum Surakarta;2022;259;30;1:9
Sekolah Tinggi Ilmu Kesehatan Muhammadiyah Kendal;2022;0;0;-
Sekolah Tinggi Ilmu Kesehatan Muhammadiyah Wonosobo;2022;60;8;1:8
Sekolah Tinggi Ilmu Kesehatan Nasional;2022;996;49;1:21
Sekolah Tinggi Ilmu Kesehatan Ngesti Waluyo;2022;256;14;1:19
Sekolah Tinggi Ilmu Kesehatan Panti Kosala;2022;253;10;1:26
Sekolah Tinggi Ilmu Kesehatan Panti Wilasa;2022;50;17;1:3
Sekolah Tinggi Ilmu Kesehatan Pemkab Purworejo;2022;0;0;-
Sekolah Tinggi Ilmu Kesehatan Semarang;2022;0;0;-
Sekolah Tinggi Ilmu Kesehatan Serulingmas;2022;332;25;1:14
Sekolah Tinggi Ilmu Kesehatan Tujuh Belas;2022;20;16;1:2
Sekolah Tinggi Ilmu Kesehatan YLPP Purwokerto;2022;0;0;-
Sekolah Tinggi Ilmu Komputer Yos Sudarso;2022;309;28;1:12
Sekolah Tinggi Ilmu Komunikasi;2022;100;10;1:10
Sekolah Tinggi Ilmu Perikanan Kalinyamat;2022;0;0;-
Sekolah Tinggi Ilmu Pertanian Farming Semarang;2022;139;13;1:11
Sekolah Tinggi Kesehatan Ar-Rum;2022;86;17;1:6
Sekolah Tinggi Kesehatan Bina Cipta Husada;2022;0;0;-
Sekolah Tinggi Manajemen Informatika dan Komputer AMIKOM Surakarta;2022;0;0;-
Sekolah Tinggi Manajemen Informatika dan Komputer Komputama Majenang;2022;0;0;-
Sekolah Tinggi Manajemen Informatika dan Komputer PGRI Arungbinang Kebumen;2022;0;0;-
Sekolah Tinggi Manajemen Informatika dan Komputer YMI;2022;0;0;-
Sekolah Tinggi Pariwisata Sahid Surakarta;2022;452;26;1:18
Sekolah Tinggi Teknik Pati;2022;69;13;1:6
Sekolah Tinggi Teknik Wiworotomo;2022;288;27;1:11
Sekolah Tinggi Teknologi Minyak dan Gas Cilacap;2022;61;19;1:4
Sekolah Tinggi Teknologi Muhammadiyah Kebumen;2022;0;0;-
Sekolah Tinggi Teknologi Ronggolawe;2022;551;31;1:18
Sekolah Tinggi Teknologi Warga Surakarta;2022;750;54;1:14
STIA Asuh Mitra Solo;2022;0;8;-
STIKES Bhakti Mandala Husada Slawi;2022;0;0;-
STIKES Estu Utomo;2022;674;30;1:23
STIKES Ibnu Sina Ajibarang;2022;269;14;1:20
STIKES Karya Husada Semarang;2022;0;0;-
STIKES Mambaul Ulum Surakarta;2022;0;0;-
STIKES Mitra Husada Karanganyar;2022;646;41;1:16
STIKES Muhammadiyah Gombong;2022;0;0;-
STIKES Muhammadiyah Klaten;2022;0;0;-
STIKES Muhammadiyah Tegal;2022;14;6;1:3
STIKES Telogorejo Semarang;2022;1080;61;1:18
STIMIK Tunas Bangsa Banjarnegara;2022;215;15;1:15
STKIP Darussalam Cilacap;2022;481;18;1:27
STKIP Majenang;2022;228;25;1:10
STKIP Muhammadiyah Batang;2022;0;0;-
STKIP Muhammadiyah Blora;2022;86;7;1:13
STKIP Nahdlatul Ulama Kabupaten Tegal;2022;0;20;-
STMIK AKI Pati;2022;110;16;1:7
STMIK AMIKOM Surakarta;2022;470;20;1:24
STMIK AUB Surakarta;2022;0;0;-
STMIK Bina Patria;2022;409;33;1:13
STMIK Himsya;2022;190;16;1:12
STMIK Komputama Majenang;2022;0;0;-
STMIK Muhammadiyah Paguyangan Brebes;2022;368;17;1:22
STMIK Sinar Nusantara;2022;628;37;1:17
STMIK Widya Pratama;2022;1075;66;1:17
STMIK Widya Utama;2022;523;21;1:25
STMIK YMI Tegal;2022;150;11;1:14
STT Minyak dan Gas Cilacap;2022;0;0;-
Universitas 17 Agustus 1945 Semarang;2022;5126;240;1:22
Universitas Aisyiyah Surakarta;2022;1278;83;1:16
Universitas Aki;2022;1101;64;1:18
Universitas Al Hikmah Jepara;2022;0;0;-
Universitas Al-Irsyad Cilacap;2022;925;75;1:13
Universitas Amikom Purwokerto;2022;2148;110;1:20
Universitas An Nuur;2022;756;64;1:12
Universitas Bhamada Slawi;2022;0;0;-
Universitas Bima Sakapenta;2022;0;0;-
Universitas Boyolali;2022;593;85;1:7
Universitas Darul Ulum Islamic Centre Sudirman;2022;1659;63;1:27
Universitas Dharma AUB Surakarta;2022;0;0;-
Universitas Dian Nuswantoro;2022;12676;393;1:33
Universitas Duta Bangsa Surakarta;2022;3693;142;1:27
Universitas Harapan Bangsa;2022;1750;114;1:16
Universitas Islam Batik;2022;1486;71;1:21
Universitas Islam Nahdlatul Ulama Jepara;2022;5136;165;1:32
Universitas Islam Sultan Agung;2022;15083;543;1:28
Universitas Ivet;2022;3168;167;1:19
Universitas Karya Husada Semarang;2022;0;0;-
Universitas Katolik Soegijapranata;2022;7815;247;1:32
Universitas Kristen Satya Wacana;2022;14344;513;1:28
Universitas Kristen Surakarta;2022;0;0;-
Universitas Kusuma Husada Surakarta;2022;2780;151;1:19
Universitas Maarif Nahdlatul Ulama Kebumen;2022;1335;89;1:15
Universitas Maritim AMNI;2022;2047;79;1:26
Universitas Muhadi Setiabudi;2022;1216;112;1:11
Universitas Muhammadiyah Brebes;2022;0;0;-
Universitas Muhammadiyah Gombong;2022;0;0;-
Universitas Muhammadiyah Karanganyar;2022;0;0;-
Universitas Muhammadiyah Kendal Batang;2022;0;0;-
Universitas Muhammadiyah Klaten;2022;0;0;-
Universitas Muhammadiyah Kudus;2022;2289;183;1:13
Universitas Muhammadiyah Magelang;2022;4092;169;1:25
Universitas Muhammadiyah Pekajangan Pekalongan;2022;2311;129;1:18
Universitas Muhammadiyah Purwokerto;2022;11508;431;1:27
Universitas Muhammadiyah Purworejo;2022;3580;131;1:28
Universitas Muhammadiyah Semarang;2022;10085;343;1:30
Universitas Muhammadiyah Surakarta;2022;32759;754;1:44
Universitas Muhammadiyah Tegal;2022;0;0;-
Universitas Muria Kudus;2022;10685;232;1:47
Universitas Nahdlatul Ulama;2022;0;0;-
Universitas Nahdlatul Ulama Al Ghazali Cilacap;2022;1832;108;1:17
Universitas Nahdlatul Ulama Purwokerto;2022;1292;103;1:13
Universitas Nahdlatul Ulama Surakarta;2022;1557;83;1:19
Universitas Nasional Karangturi Semarang;2022;242;46;1:6
Universitas Ngudi Waluyo;2022;3377;161;1:21
Universitas Pancasakti;2022;0;0;-
Universitas Pancasakti Tegal;2022;5466;189;1:29
Universitas Pandanaran;2022;618;77;1:9
Universitas Pekalongan;2022;5016;160;1:32
Universitas Peradaban;2022;1748;109;1:17
Universitas Perwira Purbalingga;2022;258;37;1:7
Universitas PGRI Semarang;2022;11166;339;1:33
Universitas Pignatelli Triputra;2022;0;0;-
Universitas Putra Bangsa;2022;0;0;-
Universitas Safin Pati;2022;0;0;-
Universitas Sahid Surakarta;2022;1187;65;1:19
Universitas Sains Alqur an;2022;8253;212;1:39
Universitas Sains Dan Teknologi Komputer;2022;3944;163;1:25
Universitas Selamat Sri;2022;2285;147;1:16
Universitas Semarang;2022;13821;415;1:34
Universitas Setia Budi Surakarta;2022;2329;116;1:21
Universitas Slamet Riyadi;2022;5042;147;1:35
Universitas Sragen;2022;0;0;-
Universitas Stikubank;2022;3312;143;1:24
Universitas Sugeng Hartono;2022;0;0;-
Universitas Sultan Fatah;2022;760;73;1:11
Universitas Surakarta;2022;3112;135;1:24
Universitas Tidar Magelang;2022;0;0;-
Universitas Tunas Pembangunan Surakarta (UTP);2022;2431;122;1:20
Universitas Veteran Bangun Nusantara;2022;3793;164;1:24
Universitas Wahid Hasyim;2022;7039;234;1:31
Universitas Widya Dharma;2022;1658;119;1:14
Universitas Widya Husada Semarang;2022;774;67;1:12
Universitas Wijaya Kusuma Purwokerto;2022;3822;110;1:35
Universitas YPPI Rembang;2022;0;0;-
Akademi Akuntansi Bima Sakapenta;2023;0;0;-
Akademi Akuntansi Effendi Harahap;2023;206;9;1:23
Akademi Akuntansi Muhammadiyah Klaten;2023;0;0;-
Akademi Analis Kesehatan 17 Agustus 1945;2023;118;7;1:17
Akademi Analis Kesehatan Pekalongan;2023;238;8;1:30
Akademi Bahasa Asing Harapan Bangsa;2023;0;0;-
Akademi Bahasa Asing IEC Putra Bangsa Tegal;2023;0;0;-
Akademi Bahasa Asing Prawira Martha Sukoharjo;2023;0;0;-
Akademi Bahasa Asing RA Kartini Surakarta;2023;0;0;-
Akademi Bahasa Asing St. Pignatelli;2023;0;0;-
Akademi Entrepreneurship Terang Bangsa;2023;0;0;-
Akademi Farmasi 17 Agustus 1945 Semarang;2023;0;0;-
Akademi Farmasi Kusuma Husada Purwokerto;2023;12;7;1:2
Akademi Inovasi Indonesia;2023;0;0;-
Akademi Kebidanan Bhakti Nusantara Salatiga;2023;0;0;-
Akademi Kebidanan Bhakti Pertiwi Pemalang;2023;0;0;-
Akademi Kebidanan Dulang Mas;2023;0;0;-
Akademi Kebidanan Duta Dharma;2023;0;0;-
Akademi Kebidanan Giri Satria Husada Wonogiri;2023;0;6;-
Akademi Kebidanan Graha Mandiri Cilacap;2023;0;0;-
Akademi Kebidanan Harapan Ibu Pekalongan;2023;42;9;1:5
Akademi Kebidanan Islam Al-hikmah;2023;0;0;-
Akademi Kebidanan KH Putra;2023;129;7;1:19
Akademi Kebidanan Mardi Rahayu;2023;0;0;-
Akademi Kebidanan Siti Fatimah;2023;50;7;1:8
Akademi Kebidanan Yappi Sragen;2023;0;10;-
Akademi Keperawatan Al-Hikmah Brebes;2023;196;13;1:16
Akademi Keperawatan Alkautsar Temanggung;2023;137;10;1:14
Akademi Keperawatan Giri Satria Husada;2023;102;8;1:13
Akademi Keperawatan Insan Husada Surakarta;2023;0;0;-
Akademi Keperawatan Kabupaten Purworejo;2023;325;8;1:41
Akademi Keperawatan Karya Bhakti Nusantara;2023;232;11;1:22
Akademi Keperawatan Krida Husada;2023;0;0;-
Akademi Keperawatan Patria Husada Surakarta;2023;42;6;1:7
Akademi Keperawatan Pragolopati;2023;0;0;-
Akademi Keperawatan Primaya;2023;0;0;-
Akademi Keperawatan Yappi Sragen;2023;93;13;1:8
Akademi Kesehatan 17 Agustus 1945 Semarang;2023;0;0;-
Akademi Kesehatan Asih Husada;2023;22;11;1:2
Akademi Kesehatan Muhammadiyah Temanggung;2023;0;0;-
Akademi Kesejahteraan Sosial Ibu Kartini;2023;187;21;1:9
Akademi Keuangan Perbankan Widya Buana;2023;0;10;-
Akademi Komunitas Adiyasa Karanganyar;2023;0;0;-
Akademi Komunitas Al-Kahfi;2023;193;8;1:25
Akademi Komunitas Balekambang;2023;0;0;-
Akademi Komunitas BPPMNU Banat;2023;16;6;1:3
Akademi Komunitas Miftahus Saadah Grobogan;2023;0;0;-
Akademi Komunitas Semen Indonesia Rembang;2023;0;7;-
Akademi Manajemen Rumah Sakit Kusuma Husada;2023;0;4;-
Akademi Maritim Nusantara Cilacap;2023;637;28;1:23
Akademi Pariwisata Eka Sakti;2023;0;0;-
Akademi Pariwisata Mandala Bhakti;2023;63;14;1:5
Akademi Pariwisata Widya Nusantara Surakarta;2023;0;0;-
Akademi Pelayaran Nasional Surakarta;2023;487;20;1:25
Akademi Pertanian HKTI Banyumas;2023;6;3;1:2
Akademi Peternakan Karanganyar;2023;0;0;-
Akademi Sekretari Dan Manajemen Santa Anna;2023;0;0;-
Akademi Sekretari Marsudirini Santa Maria;2023;62;5;1:13
Akademi Seni Dan Desain Indonesia Surakarta;2023;69;10;1:7
Akademi Seni Mangkunegaran Surakarta;2023;0;21;-
Akademi Statistika Muhammadiyah Semarang;2023;0;0;-
Akademi Teknik Elektro Medik Semarang;2023;0;0;-
Akademi Teknik PIKA;2023;126;7;1:18
Akademi Teknik Tirta Wiyata;2023;488;11;1:45
Akademi Teknik Wacana Manunggal Semarang;2023;128;17;1:8
Akademi Teknologi AUB;2023;0;0;-
AKBID Bhakti Putra Bangsa Purworejo;2023;0;0;-
AKBID Muslimat Nahdlatul Ulama Kudus;2023;38;7;1:6
AKBID Wira Husada Nusantara;2023;0;4;-
AMIK Harapan Bangsa Surakarta;2023;0;0;-
AMIK Jakarta Teknologi Cipta;2023;224;13;1:18
AMIK Jakarta Teknologi Cipta;2023;0;0;-
AMIK PGRI Kebumen;2023;129;11;1:12
AMIK Veteran Purwokerto;2023;0;0;-
AMIK YMI Tegal;2023;0;0;-
Institut Karya Mulia Bangsa;2023;0;0;-
Institut Teknologi Bisnis AAS Indonesia;2023;1244;43;1:29
Institut Teknologi Bisnis dan Kesehatan Bhakti Putra Bangsa Indonesia;2023;0;0;-
Institut Teknologi dan Bisnis Adias;2023;0;0;-
Institut Teknologi dan Bisnis Kristen Bukit Pengharapan;2023;146;22;1:7
Institut Teknologi dan Bisnis Muhammadiyah Grobogan;2023;0;0;-
Institut Teknologi dan Bisnis Muhammadiyah Purbalingga;2023;0;0;-
Institut Teknologi dan Bisnis Semarang;2023;1035;38;1:28
Institut Teknologi Dan Sains Nahdlatul Ulama Pekalongan;2023;113;47;1:3
Institut Teknologi Kesehatan Cendekia Utama Kudus;2023;0;0;-
Institut Teknologi Sains dan Kesehatan PKU Muhammadiyah Surakarta;2023;2042;67;1:31
Institut Teknologi Statistika dan Bisnis Muhammadiyah Semarang;2023;0;0;-
Institut Teknologi Telkom Purwokerto;2023;4908;200;1:25
Institut Widya Pratama;2023;0;0;-
Politeknik Akbara;2023;301;24;1:13
Politeknik Assalaam Surakarta;2023;0;0;-
Politeknik ATMI Surakarta;2023;744;70;1:11
Politeknik Baja Tegal;2023;235;17;1:14
Politeknik Balekambang Jepara;2023;211;19;1:12
Politeknik Banjarnegara;2023;217;23;1:10
Politeknik Bhakti Semesta;2023;0;0;-
Politeknik Bina Trada Semarang;2023;55;18;1:4
Politeknik Bisnis dan Perpajakan Indonesia;2023;0;0;-
Politeknik Bumi Akpelni;2023;849;49;1:18
Politeknik Dharma Patria;2023;0;0;-
Politeknik Gusdurian;2023;0;0;-
Politeknik Harapan Bersama;2023;2855;124;1:24
Politeknik Indonusa Surakarta;2023;1608;65;1:25
Politeknik Insan Husada Surakarta;2023;0;0;-
Politeknik Katolik Mangunwijaya;2023;364;24;1:16
Politeknik Kesehatan Bhakti Mulia;2023;490;29;1:17
Politeknik Kudus;2023;27;15;1:2
Politeknik Maarif;2023;0;0;-
Politeknik Madyathika;2023;0;0;-
Politeknik Manufaktur Ceper;2023;115;19;1:7
Politeknik Mitra Karya Mandiri;2023;206;16;1:13
Politeknik Muhammadiyah Magelang;2023;91;18;1:6
Politeknik Muhammadiyah Tegal;2023;393;37;1:11
Politeknik Nest;2023;0;0;-
Politeknik Pancasakti Global;2023;0;0;-
Politeknik Piksi Ganesha Indonesia;2023;0;0;-
Politeknik Pratama;2023;164;24;1:7
Politeknik Pratama Mulia;2023;562;41;1:14
Politeknik Purbaya;2023;437;16;1:28
Politeknik Pusmanu;2023;0;0;-
Politeknik Rukun Abdi Luhur;2023;92;15;1:7
Politeknik Santo Paulus Surakarta;2023;29;23;1:2
Politeknik Sawunggalih Aji;2023;298;30;1:10
Politeknik Stibisnis;2023;254;25;1:11
Politeknik Trisila Dharma;2023;0;0;-
Politeknik Yakpermas Banyumas;2023;251;25;1:11
Sekolah Tinggi Ilmu Administrasi Madani;2023;322;17;1:19
Sekolah Tinggi Ilmu Ekonomi Adi Unggul Bhirawa;2023;0;0;-
Sekolah Tinggi Ilmu Ekonomi AMA;2023;865;27;1:33
Sekolah Tinggi Ilmu Ekonomi Anindyaguna;2023;414;11;1:38
Sekolah Tinggi Ilmu Ekonomi Assholeh;2023;0;0;-
Sekolah Tinggi Ilmu Ekonomi Atma Bhakti;2023;1712;20;1:86
Sekolah Tinggi Ilmu Ekonomi Bank BPD Jawa Tengah;2023;1476;31;1:48
Sekolah Tinggi Ilmu Ekonomi Cendekia Karya Utama;2023;800;17;1:48
Sekolah Tinggi Ilmu Ekonomi Dharma Putra Semarang;2023;365;34;1:11
Sekolah Tinggi Ilmu Ekonomi Muhammadiyah Cilacap;2023;242;24;1:11
Sekolah Tinggi Ilmu Ekonomi Pariwisata Indonesia;2023;1531;61;1:26
Sekolah Tinggi Ilmu Ekonomi Pelita Nusantara;2023;291;13;1:23
Sekolah Tinggi Ilmu Ekonomi Putra Bangsa;2023;0;0;-
Sekolah Tinggi Ilmu Ekonomi Rajawali;2023;290;12;1:25
Sekolah Tinggi Ilmu Ekonomi Satria;2023;147;13;1:12
Sekolah Tinggi Ilmu Ekonomi Semarang;2023;2;77;1:1
Sekolah Tinggi Ilmu Ekonomi St. Pignatelli;2023;0;0;-
Sekolah Tinggi Ilmu Ekonomi Studi Ekonomi Modern;2023;127;24;1:6
Sekolah Tinggi Ilmu Ekonomi Surakarta;2023;2039;29;1:71
Sekolah Tinggi Ilmu Ekonomi Swasta Mandiri;2023;291;12;1:25
Sekolah Tinggi Ilmu Ekonomi Tamansiswa;2023;639;21;1:31
Sekolah Tinggi Ilmu Ekonomi Totalwin;2023;2025;37;1:55
Sekolah Tinggi Ilmu Ekonomi Widya Manggala;2023;245;21;1:12
Sekolah Tinggi Ilmu Ekonomi Widya Manggalia;2023;231;9;1:26
Sekolah Tinggi Ilmu Ekonomi Wijaya Mulya;2023;275;15;1:19
Sekolah Tinggi Ilmu Ekonomi YPPI;2023;0;0;-
Sekolah Tinggi Ilmu Farmasi Nusaputera;2023;332;23;1:15
Sekolah Tinggi Ilmu Farmasi Yayasan Pharmasi;2023;1365;63;1:22
Sekolah Tinggi Ilmu Kesehatan Bakti Utama Pati;2023;646;31;1:21
Sekolah Tinggi Ilmu Kesehatan Brebes;2023;179;27;1:7
Sekolah Tinggi Ilmu Kesehatan Cendekia Utama;2023;0;0;-
Sekolah Tinggi Ilmu Kesehatan Duta Gama Klaten;2023;0;0;-
Sekolah Tinggi Ilmu Kesehatan Elisabeth Semarang;2023;329;28;1:12
Sekolah Tinggi Ilmu Kesehatan Graha Mandiri Cilacap;2023;0;0;-
Sekolah Tinggi Ilmu Kesehatan HAKLI;2023;269;31;1:9
Sekolah Tinggi Ilmu Kesehatan Kendal;2023;429;46;1:10
Sekolah Tinggi Ilmu Kesehatan Kesdam IV / Diponegoro;2023;298;15;1:20
Sekolah Tinggi Ilmu Kesehatan Mambaul Ulum Surakarta;2023;243;36;1:7
Sekolah Tinggi Ilmu Kesehatan Muhammadiyah Kendal;2023;0;0;-
Sekolah Tinggi Ilmu Kesehatan Muhammadiyah Wonosobo;2023;75;8;1:10
Sekolah Tinggi Ilmu Kesehatan Nasional;2023;909;50;1:19
Sekolah Tinggi Ilmu Kesehatan Ngesti Waluyo;2023;275;16;1:18
Sekolah Tinggi Ilmu Kesehatan Panti Kosala;2023;277;10;1:28
Sekolah Tinggi Ilmu Kesehatan Panti Wilasa;2023;78;16;1:5
Sekolah Tinggi Ilmu Kesehatan Pemkab Purworejo;2023;0;0;-
Sekolah Tinggi Ilmu Kesehatan Semarang;2023;0;0;-
Sekolah Tinggi Ilmu Kesehatan Serulingmas;2023;357;25;1:15
Sekolah Tinggi Ilmu Kesehatan Tujuh Belas;2023;309;17;1:19
Sekolah Tinggi Ilmu Kesehatan YLPP Purwokerto;2023;0;0;-
Sekolah Tinggi Ilmu Komputer Yos Sudarso;2023;402;28;1:15
Sekolah Tinggi Ilmu Komunikasi;2023;102;12;1:9
Sekolah Tinggi Ilmu Perikanan Kalinyamat;2023;0;0;-
Sekolah Tinggi Ilmu Pertanian Farming Semarang;2023;135;13;1:11
Sekolah Tinggi Kesehatan Ar-Rum;2023;0;0;-
Sekolah Tinggi Kesehatan Bina Cipta Husada;2023;0;0;-
Sekolah Tinggi Manajemen Informatika dan Komputer AMIKOM Surakarta;2023;0;0;-
Sekolah Tinggi Manajemen Informatika dan Komputer Komputama Majenang;2023;0;0;-
Sekolah Tinggi Manajemen Informatika dan Komputer PGRI Arungbinang Kebumen;2023;0;0;-
Sekolah Tinggi Manajemen Informatika dan Komputer YMI;2023;0;0;-
Sekolah Tinggi Pariwisata Sahid Surakarta;2023;531;28;1:19
Sekolah Tinggi Teknik Pati;2023;101;13;1:8
Sekolah Tinggi Teknik Wiworotomo;2023;308;27;1:12
Sekolah Tinggi Teknologi Minyak dan Gas Cilacap;2023;77;23;1:4
Sekolah Tinggi Teknologi Muhammadiyah Kebumen;2023;0;0;-
Sekolah Tinggi Teknologi Ronggolawe;2023;710;31;1:23
Sekolah Tinggi Teknologi Warga Surakarta;2023;934;52;1:18
STIA Asuh Mitra Solo;2023;0;0;-
STIKES Bhakti Mandala Husada Slawi;2023;0;0;-
STIKES Estu Utomo;2023;978;30;1:33
STIKES Ibnu Sina Ajibarang;2023;252;16;1:16
STIKES Karya Husada Semarang;2023;0;0;-
STIKES Mambaul Ulum Surakarta;2023;0;0;-
STIKES Mitra Husada Karanganyar;2023;735;47;1:16
STIKES Muhammadiyah Gombong;2023;0;0;-
STIKES Muhammadiyah Klaten;2023;0;0;-
STIKES Muhammadiyah Tegal;2023;19;9;1:3
STIKES Telogorejo Semarang;2023;1185;67;1:18
STIMIK Tunas Bangsa Banjarnegara;2023;314;18;1:18
STKIP Darussalam Cilacap;2023;694;21;1:34
STKIP Majenang;2023;335;27;1:13
STKIP Muhammadiyah Batang;2023;0;0;-
STKIP Muhammadiyah Blora;2023;129;9;1:15
STKIP Nahdlatul Ulama Kabupaten Tegal;2023;18;22;1:1
STMIK AKI Pati;2023;141;16;1:9
STMIK AMIKOM Surakarta;2023;547;23;1:24
STMIK AUB Surakarta;2023;0;0;-
STMIK Bina Patria;2023;459;34;1:14
STMIK Himsya;2023;183;16;1:12
STMIK Komputama Majenang;2023;0;0;-
STMIK Muhammadiyah Paguyangan Brebes;2023;366;17;1:22
STMIK Sinar Nusantara;2023;734;39;1:19
STMIK Widya Pratama;2023;1284;68;1:19
STMIK Widya Utama;2023;1932;21;1:92
STMIK YMI Tegal;2023;193;12;1:17
STT Minyak dan Gas Cilacap;2023;0;0;-
Universitas 17 Agustus 1945 Semarang;2023;5806;245;1:24
Universitas Aisyiyah Surakarta;2023;1559;89;1:18
Universitas Aki;2023;141;64;1:3
Universitas Al Hikmah Jepara;2023;0;0;-
Universitas Al-Irsyad Cilacap;2023;1317;82;1:17
Universitas Amikom Purwokerto;2023;2561;116;1:23
Universitas An Nuur;2023;1201;65;1:19
Universitas Bhamada Slawi;2023;0;0;-
Universitas Bima Sakapenta;2023;0;0;-
Universitas Boyolali;2023;949;91;1:11
Universitas Darul Ulum Islamic Centre Sudirman;2023;1953;66;1:30
Universitas Dharma AUB Surakarta;2023;0;0;-
Universitas Dian Nuswantoro;2023;14305;416;1:35
Universitas Duta Bangsa Surakarta;2023;4446;163;1:28
Universitas Harapan Bangsa;2023;2383;124;1:20
Universitas Islam Batik;2023;1656;73;1:23
Universitas Islam Nahdlatul Ulama Jepara;2023;5665;169;1:34
Universitas Islam Sultan Agung;2023;16585;552;1:31
Universitas Ivet;2023;3607;168;1:22
Universitas Karya Husada Semarang;2023;0;0;-
Universitas Katolik Soegijapranata;2023;8642;265;1:33
Universitas Kristen Satya Wacana;2023;17735;525;1:34
Universitas Kristen Surakarta;2023;0;0;-
Universitas Kusuma Husada Surakarta;2023;2981;138;1:22
Universitas Maarif Nahdlatul Ulama Kebumen;2023;1823;99;1:19
Universitas Maritim AMNI;2023;2043;82;1:25
Universitas Muhadi Setiabudi;2023;1255;122;1:11
Universitas Muhammadiyah Brebes;2023;0;0;-
Universitas Muhammadiyah Gombong;2023;0;0;-
Universitas Muhammadiyah Karanganyar;2023;0;0;-
Universitas Muhammadiyah Kendal Batang;2023;0;0;-
Universitas Muhammadiyah Klaten;2023;0;0;-
Universitas Muhammadiyah Kudus;2023;2629;189;1:14
Universitas Muhammadiyah Magelang;2023;4485;176;1:26
Universitas Muhammadiyah Pekajangan Pekalongan;2023;2335;130;1:18
Universitas Muhammadiyah Purwokerto;2023;13678;455;1:31
Universitas Muhammadiyah Purworejo;2023;4058;134;1:31
Universitas Muhammadiyah Semarang;2023;12126;387;1:32
Universitas Muhammadiyah Surakarta;2023;36504;791;1:47
Universitas Muhammadiyah Tegal;2023;0;0;-
Universitas Muria Kudus;2023;12049;259;1:47
Universitas Nahdlatul Ulama;2023;0;0;-
Universitas Nahdlatul Ulama Al Ghazali Cilacap;2023;2251;110;1:21
Universitas Nahdlatul Ulama Purwokerto;2023;1762;102;1:18
Universitas Nahdlatul Ulama Surakarta;2023;1723;90;1:20
Universitas Nasional Karangturi Semarang;2023;263;46;1:6
Universitas Ngudi Waluyo;2023;4177;164;1:26
Universitas Pancasakti;2023;0;0;-
Universitas Pancasakti Tegal;2023;6307;193;1:33
Universitas Pandanaran;2023;1075;76;1:15
Universitas Pekalongan;2023;5586;161;1:35
Universitas Peradaban;2023;1736;116;1:15
Universitas Perwira Purbalingga;2023;472;38;1:13
Universitas PGRI Semarang;2023;14585;344;1:43
Universitas Pignatelli Triputra;2023;0;0;-
Universitas Putra Bangsa;2023;0;0;-
Universitas Safin Pati;2023;0;0;-
Universitas Sahid Surakarta;2023;148;65;1:3
Universitas Sains Alqur an;2023;9131;222;1:42
Universitas Sains Dan Teknologi Komputer;2023;4801;174;1:28
Universitas Selamat Sri;2023;2566;152;1:17
Universitas Semarang;2023;15117;418;1:37
Universitas Setia Budi Surakarta;2023;2615;113;1:24
Universitas Slamet Riyadi;2023;6051;167;1:37
Universitas Sragen;2023;0;0;-
Universitas Stikubank;2023;303;137;1:3
Universitas Sugeng Hartono;2023;0;0;-
Universitas Sultan Fatah;2023;861;76;1:12
Universitas Surakarta;2023;2782;137;1:21
Universitas Tidar Magelang;2023;0;0;-
Universitas Tunas Pembangunan Surakarta (UTP);2023;2602;120;1:22
Universitas Veteran Bangun Nusantara;2023;4808;156;1:31
Universitas Wahid Hasyim;2023;7835;256;1:31
Universitas Widya Dharma;2023;1982;116;1:18
Universitas Widya Husada Semarang;2023;1315;71;1:19
Universitas Wijaya Kusuma Purwokerto;2023;4477;118;1:38
Universitas YPPI Rembang;2023;0;0;-
Akademi Akuntansi Bima Sakapenta;2024;0;0;-
Akademi Akuntansi Effendi Harahap;2024;510;12;1:43
Akademi Akuntansi Muhammadiyah Klaten;2024;268;11;1:25
Akademi Analis Kesehatan 17 Agustus 1945;2024;0;0;-
Akademi Analis Kesehatan Pekalongan;2024;0;0;-
Akademi Bahasa Asing Harapan Bangsa;2024;220;13;1:17
Akademi Bahasa Asing IEC Putra Bangsa Tegal;2024;154;10;1:16
Akademi Bahasa Asing Prawira Martha Sukoharjo;2024;58;6;1:10
Akademi Bahasa Asing RA Kartini Surakarta;2024;119;7;1:17
Akademi Bahasa Asing St. Pignatelli;2024;0;20;-
Akademi Entrepreneurship Terang Bangsa;2024;0;0;-
Akademi Farmasi 17 Agustus 1945 Semarang;2024;0;0;-
Akademi Farmasi Kusuma Husada Purwokerto;2024;0;0;-
Akademi Inovasi Indonesia;2024;0;0;-
Akademi Kebidanan Bhakti Nusantara Salatiga;2024;0;0;-
Akademi Kebidanan Bhakti Pertiwi Pemalang;2024;0;0;-
Akademi Kebidanan Dulang Mas;2024;0;0;-
Akademi Kebidanan Duta Dharma;2024;0;0;-
Akademi Kebidanan Giri Satria Husada Wonogiri;2024;0;0;-
Akademi Kebidanan Graha Mandiri Cilacap;2024;0;0;-
Akademi Kebidanan Harapan Ibu Pekalongan;2024;0;0;-
Akademi Kebidanan Islam Al-hikmah;2024;0;0;-
Akademi Kebidanan KH Putra;2024;0;0;-
Akademi Kebidanan Mardi Rahayu;2024;0;0;-
Akademi Kebidanan Siti Fatimah;2024;0;0;-
Akademi Kebidanan Yappi Sragen;2024;0;0;-
Akademi Keperawatan Al-Hikmah Brebes;2024;144;8;1:18
Akademi Keperawatan Alkautsar Temanggung;2024;0;0;-
Akademi Keperawatan Giri Satria Husada;2024;0;0;-
Akademi Keperawatan Insan Husada Surakarta;2024;0;0;-
Akademi Keperawatan Kabupaten Purworejo;2024;0;0;-
Akademi Keperawatan Karya Bhakti Nusantara;2024;0;0;-
Akademi Keperawatan Krida Husada;2024;0;0;-
Akademi Keperawatan Patria Husada Surakarta;2024;0;0;-
Akademi Keperawatan Pragolopati;2024;0;0;-
Akademi Keperawatan Primaya;2024;0;0;-
Akademi Keperawatan Yappi Sragen;2024;69;6;1:12
Akademi Kesehatan 17 Agustus 1945 Semarang;2024;0;0;-
Akademi Kesehatan Asih Husada;2024;0;0;-
Akademi Kesehatan Muhammadiyah Temanggung;2024;0;0;-
Akademi Kesejahteraan Sosial Ibu Kartini;2024;220;13;1:17
Akademi Keuangan Perbankan Widya Buana;2024;44;7;1:7
Akademi Komunitas Adiyasa Karanganyar;2024;0;0;-
Akademi Komunitas Al-Kahfi;2024;64;11;1:6
Akademi Komunitas Balekambang;2024;0;0;-
Akademi Komunitas BPPMNU Banat;2024;24;5;1:5
Akademi Komunitas Miftahus Saadah Grobogan;2024;0;0;-
Akademi Komunitas Semen Indonesia Rembang;2024;0;0;-
Akademi Manajemen Rumah Sakit Kusuma Husada;2024;67;7;1:10
Akademi Maritim Nusantara Cilacap;2024;241;9;1:27
Akademi Pariwisata Eka Sakti;2024;134;11;1:13
Akademi Pariwisata Mandala Bhakti;2024;123;10;1:13
Akademi Pariwisata Widya Nusantara Surakarta;2024;44;7;1:7
Akademi Pelayaran Nasional Surakarta;2024;42;6;1:7
Akademi Pertanian HKTI Banyumas;2024;593;23;1:26
Akademi Peternakan Karanganyar;2024;58;6;1:10
Akademi Sekretari Dan Manajemen Santa Anna;2024;215;14;1:16
Akademi Sekretari Marsudirini Santa Maria;2024;0;12;-
Akademi Seni Dan Desain Indonesia Surakarta;2024;283;8;1:36
Akademi Seni Mangkunegaran Surakarta;2024;0;0;-
Akademi Statistika Muhammadiyah Semarang;2024;69;6;1:12
Akademi Teknik Elektro Medik Semarang;2024;0;0;-
Akademi Teknik PIKA;2024;0;0;-
Akademi Teknik Tirta Wiyata;2024;0;0;-
Akademi Teknik Wacana Manunggal Semarang;2024;44;11;1:4
Akademi Teknologi AUB;2024;241;9;1:27
AKBID Bhakti Putra Bangsa Purworejo;2024;0;0;-
AKBID Muslimat Nahdlatul Ulama Kudus;2024;0;0;-
AKBID Wira Husada Nusantara;2024;0;0;-
AMIK Harapan Bangsa Surakarta;2024;119;7;1:17
AMIK Jakarta Teknologi Cipta;2024;593;23;1:26
AMIK Jakarta Teknologi Cipta;2024;0;0;-
AMIK PGRI Kebumen;2024;144;8;1:18
AMIK Veteran Purwokerto;2024;154;10;1:16
AMIK YMI Tegal;2024;67;7;1:10
Institut Karya Mulia Bangsa;2024;0;0;-
Institut Teknologi Bisnis AAS Indonesia;2024;1477;47;1:32
Institut Teknologi Bisnis dan Kesehatan Bhakti Putra Bangsa Indonesia;2024;0;0;-
Institut Teknologi dan Bisnis Adias;2024;0;0;-
Institut Teknologi dan Bisnis Kristen Bukit Pengharapan;2024;266;22;1:13
Institut Teknologi dan Bisnis Muhammadiyah Grobogan;2024;0;0;-
Institut Teknologi dan Bisnis Muhammadiyah Purbalingga;2024;0;0;-
Institut Teknologi dan Bisnis Semarang;2024;2343;52;1:46
Institut Teknologi Dan Sains Nahdlatul Ulama Pekalongan;2024;1646;49;1:34
Institut Teknologi Kesehatan Cendekia Utama Kudus;2024;0;0;-
Institut Teknologi Sains dan Kesehatan PKU Muhammadiyah Surakarta;2024;1563;76;1:21
Institut Teknologi Statistika dan Bisnis Muhammadiyah Semarang;2024;0;0;-
Institut Teknologi Telkom Purwokerto;2024;0;0;-
Institut Widya Pratama;2024;0;0;-
Politeknik Akbara;2024;286;19;1:16
Politeknik Assalaam Surakarta;2024;0;0;-
Politeknik ATMI Surakarta;2024;878;95;1:10
Politeknik Baja Tegal;2024;339;19;1:18
Politeknik Balekambang Jepara;2024;418;17;1:25
Politeknik Banjarnegara;2024;339;20;1:17
Politeknik Bhakti Semesta;2024;0;0;-
Politeknik Bina Trada Semarang;2024;111;16;1:7
Politeknik Bisnis dan Perpajakan Indonesia;2024;0;0;-
Politeknik Bumi Akpelni;2024;1117;43;1:26
Politeknik Dharma Patria;2024;0;0;-
Politeknik Gusdurian;2024;0;0;-
Politeknik Harapan Bersama;2024;2944;122;1:25
Politeknik Indonusa Surakarta;2024;1734;68;1:26
Politeknik Insan Husada Surakarta;2024;0;0;-
Politeknik Katolik Mangunwijaya;2024;381;20;1:20
Politeknik Kesehatan Bhakti Mulia;2024;559;23;1:25
Politeknik Kudus;2024;0;23;-
Politeknik Maarif;2024;0;0;-
Politeknik Madyathika;2024;0;0;-
Politeknik Manufaktur Ceper;2024;100;16;1:7
Politeknik Mitra Karya Mandiri;2024;227;18;1:13
Politeknik Muhammadiyah Magelang;2024;90;15;1:6
Politeknik Muhammadiyah Tegal;2024;0;0;-
Politeknik Nest;2024;0;0;-
Politeknik Pancasakti Global;2024;0;0;-
Politeknik Piksi Ganesha Indonesia;2024;0;0;-
Politeknik Pratama;2024;0;0;-
Politeknik Pratama Mulia;2024;550;37;1:15
Politeknik Purbaya;2024;483;11;1:44
Politeknik Pusmanu;2024;0;0;-
Politeknik Rukun Abdi Luhur;2024;183;15;1:13
Politeknik Santo Paulus Surakarta;2024;101;21;1:5
Politeknik Sawunggalih Aji;2024;309;25;1:13
Politeknik Stibisnis;2024;276;19;1:15
Politeknik Trisila Dharma;2024;0;0;-
Politeknik Yakpermas Banyumas;2024;236;16;1:15
Sekolah Tinggi Ilmu Administrasi Madani;2024;412;14;1:30
Sekolah Tinggi Ilmu Ekonomi Adi Unggul Bhirawa;2024;2511;67;1:38
Sekolah Tinggi Ilmu Ekonomi AMA;2024;0;0;-
Sekolah Tinggi Ilmu Ekonomi Anindyaguna;2024;400;11;1:37
Sekolah Tinggi Ilmu Ekonomi Assholeh;2024;0;0;-
Sekolah Tinggi Ilmu Ekonomi Atma Bhakti;2024;963;17;1:57
Sekolah Tinggi Ilmu Ekonomi Bank BPD Jawa Tengah;2024;2004;31;1:65
Sekolah Tinggi Ilmu Ekonomi Cendekia Karya Utama;2024;1036;12;1:87
Sekolah Tinggi Ilmu Ekonomi Dharma Putra Semarang;2024;455;33;1:14
Sekolah Tinggi Ilmu Ekonomi Muhammadiyah Cilacap;2024;752;27;1:28
Sekolah Tinggi Ilmu Ekonomi Pariwisata Indonesia;2024;2110;47;1:45
Sekolah Tinggi Ilmu Ekonomi Pelita Nusantara;2024;260;15;1:18
Sekolah Tinggi Ilmu Ekonomi Putra Bangsa;2024;0;0;-
Sekolah Tinggi Ilmu Ekonomi Rajawali;2024;427;11;1:39
Sekolah Tinggi Ilmu Ekonomi Satria;2024;216;13;1:17
Sekolah Tinggi Ilmu Ekonomi Semarang;2024;2511;67;1:38
Sekolah Tinggi Ilmu Ekonomi St. Pignatelli;2024;0;0;-
Sekolah Tinggi Ilmu Ekonomi Studi Ekonomi Modern;2024;0;0;-
Sekolah Tinggi Ilmu Ekonomi Surakarta;2024;2281;18;1:127
Sekolah Tinggi Ilmu Ekonomi Swasta Mandiri;2024;301;11;1:28
Sekolah Tinggi Ilmu Ekonomi Tamansiswa;2024;293;14;1:21
Sekolah Tinggi Ilmu Ekonomi Totalwin;2024;1739;39;1:45
Sekolah Tinggi Ilmu Ekonomi Widya Manggala;2024;467;17;1:28
Sekolah Tinggi Ilmu Ekonomi Widya Manggalia;2024;232;9;1:26
Sekolah Tinggi Ilmu Ekonomi Wijaya Mulya;2024;407;15;1:28
Sekolah Tinggi Ilmu Ekonomi YPPI;2024;0;0;-
Sekolah Tinggi Ilmu Farmasi Nusaputera;2024;44;11;1:4
Sekolah Tinggi Ilmu Farmasi Yayasan Pharmasi;2024;1595;59;1:28
Sekolah Tinggi Ilmu Kesehatan Bakti Utama Pati;2024;406;15;1:28
Sekolah Tinggi Ilmu Kesehatan Brebes;2024;134;11;1:13
Sekolah Tinggi Ilmu Kesehatan Cendekia Utama;2024;289;22;1:14
Sekolah Tinggi Ilmu Kesehatan Duta Gama Klaten;2024;377;24;1:16
Sekolah Tinggi Ilmu Kesehatan Elisabeth Semarang;2024;193;15;1:13
Sekolah Tinggi Ilmu Kesehatan Graha Mandiri Cilacap;2024;0;0;-
Sekolah Tinggi Ilmu Kesehatan HAKLI;2024;989;19;1:53
Sekolah Tinggi Ilmu Kesehatan Kendal;2024;447;16;1:28
Sekolah Tinggi Ilmu Kesehatan Kesdam IV / Diponegoro;2024;215;14;1:16
Sekolah Tinggi Ilmu Kesehatan Mambaul Ulum Surakarta;2024;252;24;1:11
Sekolah Tinggi Ilmu Kesehatan Muhammadiyah Kendal;2024;409;23;1:18
Sekolah Tinggi Ilmu Kesehatan Muhammadiyah Wonosobo;2024;245;0;-
Sekolah Tinggi Ilmu Kesehatan Nasional;2024;938;38;1:25
Sekolah Tinggi Ilmu Kesehatan Ngesti Waluyo;2024;283;8;1:36
Sekolah Tinggi Ilmu Kesehatan Panti Kosala;2024;510;12;1:43
Sekolah Tinggi Ilmu Kesehatan Panti Wilasa;2024;0;3;-
Sekolah Tinggi Ilmu Kesehatan Pemkab Purworejo;2024;0;0;-
Sekolah Tinggi Ilmu Kesehatan Semarang;2024;0;0;-
Sekolah Tinggi Ilmu Kesehatan Serulingmas;2024;123;10;1:13
Sekolah Tinggi Ilmu Kesehatan Tujuh Belas;2024;169;15;1:12
Sekolah Tinggi Ilmu Kesehatan YLPP Purwokerto;2024;752;26;1:29
Sekolah Tinggi Ilmu Komputer Yos Sudarso;2024;606;25;1:25
Sekolah Tinggi Ilmu Komunikasi;2024;169;10;1:17
Sekolah Tinggi Ilmu Perikanan Kalinyamat;2024;0;0;-
Sekolah Tinggi Ilmu Pertanian Farming Semarang;2024;140;12;1:12
Sekolah Tinggi Kesehatan Ar-Rum;2024;78;5;1:16
Sekolah Tinggi Kesehatan Bina Cipta Husada;2024;1596;72;1:23
Sekolah Tinggi Manajemen Informatika dan Komputer AMIKOM Surakarta;2024;0;0;-
Sekolah Tinggi Manajemen Informatika dan Komputer Komputama Majenang;2024;0;0;-
Sekolah Tinggi Manajemen Informatika dan Komputer PGRI Arungbinang Kebumen;2024;0;0;-
Sekolah Tinggi Manajemen Informatika dan Komputer YMI;2024;0;0;-
Sekolah Tinggi Pariwisata Sahid Surakarta;2024;925;52;1:18
Sekolah Tinggi Teknik Pati;2024;365;19;1:20
Sekolah Tinggi Teknik Wiworotomo;2024;485;25;1:20
Sekolah Tinggi Teknologi Minyak dan Gas Cilacap;2024;366;25;1:15
Sekolah Tinggi Teknologi Muhammadiyah Kebumen;2024;973;32;1:31
Sekolah Tinggi Teknologi Ronggolawe;2024;194;14;1:14
Sekolah Tinggi Teknologi Warga Surakarta;2024;268;11;1:25
STIA Asuh Mitra Solo;2024;140;17;1:9
STIKES Bhakti Mandala Husada Slawi;2024;828;19;1:44
STIKES Estu Utomo;2024;790;27;1:30
STIKES Ibnu Sina Ajibarang;2024;252;21;1:12
STIKES Karya Husada Semarang;2024;1401;31;1:46
STIKES Mambaul Ulum Surakarta;2024;0;0;-
STIKES Mitra Husada Karanganyar;2024;544;22;1:25
STIKES Muhammadiyah Gombong;2024;143;24;1:6
STIKES Muhammadiyah Klaten;2024;838;48;1:18
STIKES Muhammadiyah Tegal;2024;70;11;1:7
STIKES Telogorejo Semarang;2024;218;25;1:9
STIMIK Tunas Bangsa Banjarnegara;2024;811;26;1:32
STKIP Darussalam Cilacap;2024;209;7;1:30
STKIP Majenang;2024;136;13;1:11
STKIP Muhammadiyah Batang;2024;561;14;1:41
STKIP Muhammadiyah Blora;2024;952;41;1:24
STKIP Nahdlatul Ulama Kabupaten Tegal;2024;0;10;-
STMIK AKI Pati;2024;560;36;1:16
STMIK AMIKOM Surakarta;2024;1507;22;1:69
STMIK AUB Surakarta;2024;0;0;-
STMIK Bina Patria;2024;737;23;1:33
STMIK Himsya;2024;225;13;1:18
STMIK Komputama Majenang;2024;283;21;1:14
STMIK Muhammadiyah Paguyangan Brebes;2024;104;12;1:9
STMIK Sinar Nusantara;2024;978;38;1:26
STMIK Widya Pratama;2024;0;0;-
STMIK Widya Utama;2024;1951;24;1:82
STMIK YMI Tegal;2024;393;36;1:11
STT Minyak dan Gas Cilacap;2024;0;0;-
Universitas 17 Agustus 1945 Semarang;2024;7359;225;1:33
Universitas Aisyiyah Surakarta;2024;2326;82;1:29
Universitas Aki;2024;2781;60;1:47
Universitas Al Hikmah Jepara;2024;0;0;-
Universitas Al-Irsyad Cilacap;2024;276;35;1:8
Universitas Amikom Purwokerto;2024;3519;98;1:36
Universitas An Nuur;2024;1353;59;1:23
Universitas Bhamada Slawi;2024;0;0;-
Universitas Bima Sakapenta;2024;0;0;-
Universitas Boyolali;2024;1500;43;1:35
Universitas Darul Ulum Islamic Centre Sudirman;2024;2419;67;1:37
Universitas Dharma AUB Surakarta;2024;0;0;-
Universitas Dian Nuswantoro;2024;17236;426;1:41
Universitas Duta Bangsa Surakarta;2024;5786;184;1:32
Universitas Harapan Bangsa;2024;2422;124;1:20
Universitas Islam Batik;2024;2181;73;1:30
Universitas Islam Nahdlatul Ulama Jepara;2024;9121;158;1:58
Universitas Islam Sultan Agung;2024;22261;585;1:39
Universitas Ivet;2024;3972;149;1:27
Universitas Karya Husada Semarang;2024;0;0;-
Universitas Katolik Soegijapranata;2024;9788;270;1:37
Universitas Kristen Satya Wacana;2024;18693;515;1:37
Universitas Kristen Surakarta;2024;0;0;-
Universitas Kusuma Husada Surakarta;2024;3573;129;1:28
Universitas Maarif Nahdlatul Ulama Kebumen;2024;2702;62;1:44
Universitas Maritim AMNI;2024;2461;77;1:32
Universitas Muhadi Setiabudi;2024;1459;95;1:16
Universitas Muhammadiyah Brebes;2024;0;0;-
Universitas Muhammadiyah Gombong;2024;0;0;-
Universitas Muhammadiyah Karanganyar;2024;0;0;-
Universitas Muhammadiyah Kendal Batang;2024;0;0;-
Universitas Muhammadiyah Klaten;2024;0;0;-
Universitas Muhammadiyah Kudus;2024;4028;194;1:21
Universitas Muhammadiyah Magelang;2024;5117;173;1:30
Universitas Muhammadiyah Pekajangan Pekalongan;2024;2528;134;1:19
Universitas Muhammadiyah Purwokerto;2024;17351;453;1:39
Universitas Muhammadiyah Purworejo;2024;5410;126;1:43
Universitas Muhammadiyah Semarang;2024;15347;396;1:39
Universitas Muhammadiyah Surakarta;2024;42154;807;1:53
Universitas Muhammadiyah Tegal;2024;0;0;-
Universitas Muria Kudus;2024;13995;254;1:56
Universitas Nahdlatul Ulama;2024;0;0;-
Universitas Nahdlatul Ulama Al Ghazali Cilacap;2024;2691;101;1:27
Universitas Nahdlatul Ulama Purwokerto;2024;2343;134;1:18
Universitas Nahdlatul Ulama Surakarta;2024;1962;68;1:29
Universitas Nasional Karangturi Semarang;2024;341;48;1:8
Universitas Ngudi Waluyo;2024;5466;163;1:34
Universitas Pancasakti;2024;0;0;-
Universitas Pancasakti Tegal;2024;7290;190;1:39
Universitas Pandanaran;2024;1405;63;1:23
Universitas Pekalongan;2024;6170;157;1:40
Universitas Peradaban;2024;2029;100;1:21
Universitas Perwira Purbalingga;2024;657;37;1:18
Universitas PGRI Semarang;2024;14934;339;1:45
Universitas Pignatelli Triputra;2024;0;0;-
Universitas Putra Bangsa;2024;0;0;-
Universitas Safin Pati;2024;0;0;-
Universitas Sahid Surakarta;2024;2052;60;1:35
Universitas Sains Alqur an;2024;11198;210;1:54
Universitas Sains Dan Teknologi Komputer;2024;5276;197;1:27
Universitas Selamat Sri;2024;2766;132;1:21
Universitas Semarang;2024;18277;399;1:46
Universitas Setia Budi Surakarta;2024;2814;115;1:25
Universitas Slamet Riyadi;2024;8597;169;1:51
Universitas Sragen;2024;0;0;-
Universitas Stikubank;2024;2896;114;1:26
Universitas Sugeng Hartono;2024;0;0;-
Universitas Sultan Fatah;2024;1021;59;1:18
Universitas Surakarta;2024;3728;121;1:31
Universitas Tidar Magelang;2024;0;0;-
Universitas Tunas Pembangunan Surakarta (UTP);2024;0;116;-
Universitas Veteran Bangun Nusantara;2024;5439;170;1:32
Universitas Wahid Hasyim;2024;9548;259;1:37
Universitas Widya Dharma;2024;2892;104;1:28
Universitas Widya Husada Semarang;2024;1658;73;1:23
Universitas Wijaya Kusuma Purwokerto;2024;5795;112;1:52
Universitas YPPI Rembang;2024;0;0;-
Akademi Akuntansi Bima Sakapenta;2025;55;0;-
Akademi Akuntansi Effendi Harahap;2025;231;11;1:21
Akademi Akuntansi Muhammadiyah Klaten;2025;0;0;-
Akademi Analis Kesehatan 17 Agustus 1945;2025;0;0;-
Akademi Analis Kesehatan Pekalongan;2025;214;8;1:27
Akademi Bahasa Asing Harapan Bangsa;2025;0;0;-
Akademi Bahasa Asing IEC Putra Bangsa Tegal;2025;0;0;-
Akademi Bahasa Asing Prawira Martha Sukoharjo;2025;0;0;-
Akademi Bahasa Asing RA Kartini Surakarta;2025;0;0;-
Akademi Bahasa Asing St. Pignatelli;2025;0;0;-
Akademi Entrepreneurship Terang Bangsa;2025;64;12;1:6
Akademi Farmasi 17 Agustus 1945 Semarang;2025;0;0;-
Akademi Farmasi Kusuma Husada Purwokerto;2025;0;0;-
Akademi Inovasi Indonesia;2025;65;8;1:9
Akademi Kebidanan Bhakti Nusantara Salatiga;2025;0;0;-
Akademi Kebidanan Bhakti Pertiwi Pemalang;2025;0;0;-
Akademi Kebidanan Dulang Mas;2025;0;0;-
Akademi Kebidanan Duta Dharma;2025;0;0;-
Akademi Kebidanan Giri Satria Husada Wonogiri;2025;0;0;-
Akademi Kebidanan Graha Mandiri Cilacap;2025;0;0;-
Akademi Kebidanan Harapan Ibu Pekalongan;2025;33;6;1:6
Akademi Kebidanan Islam Al-hikmah;2025;0;0;-
Akademi Kebidanan KH Putra;2025;98;14;1:7
Akademi Kebidanan Mardi Rahayu;2025;0;0;-
Akademi Kebidanan Siti Fatimah;2025;56;7;1:8
Akademi Kebidanan Yappi Sragen;2025;0;0;-
Akademi Keperawatan Al-Hikmah Brebes;2025;0;0;-
Akademi Keperawatan Alkautsar Temanggung;2025;0;0;-
Akademi Keperawatan Giri Satria Husada;2025;79;79;1:1
Akademi Keperawatan Insan Husada Surakarta;2025;0;0;-
Akademi Keperawatan Kabupaten Purworejo;2025;0;0;-
Akademi Keperawatan Karya Bhakti Nusantara;2025;182;0;-
Akademi Keperawatan Krida Husada;2025;0;0;-
Akademi Keperawatan Patria Husada Surakarta;2025;39;9;1:5
Akademi Keperawatan Pragolopati;2025;0;0;-
Akademi Keperawatan Primaya;2025;16;5;1:4
Akademi Keperawatan Yappi Sragen;2025;0;0;-
Akademi Kesehatan 17 Agustus 1945 Semarang;2025;119;11;1:11
Akademi Kesehatan Asih Husada;2025;0;0;-
Akademi Kesehatan Muhammadiyah Temanggung;2025;103;7;1:15
Akademi Kesejahteraan Sosial Ibu Kartini;2025;130;16;1:9
Akademi Keuangan Perbankan Widya Buana;2025;0;0;-
Akademi Komunitas Adiyasa Karanganyar;2025;0;0;-
Akademi Komunitas Al-Kahfi;2025;0;0;-
Akademi Komunitas Balekambang;2025;0;0;-
Akademi Komunitas BPPMNU Banat;2025;13;5;1:3
Akademi Komunitas Miftahus Saadah Grobogan;2025;0;0;-
Akademi Komunitas Semen Indonesia Rembang;2025;0;0;-
Akademi Manajemen Rumah Sakit Kusuma Husada;2025;0;0;-
Akademi Maritim Nusantara Cilacap;2025;503;26;1:20
Akademi Pariwisata Eka Sakti;2025;0;0;-
Akademi Pariwisata Mandala Bhakti;2025;112;10;1:12
Akademi Pariwisata Widya Nusantara Surakarta;2025;0;0;-
Akademi Pelayaran Nasional Surakarta;2025;399;24;1:17
Akademi Pertanian HKTI Banyumas;2025;0;0;-
Akademi Peternakan Karanganyar;2025;0;0;-
Akademi Sekretari Dan Manajemen Santa Anna;2025;0;0;-
Akademi Sekretari Marsudirini Santa Maria;2025;69;6;1:12
Akademi Seni Dan Desain Indonesia Surakarta;2025;20;0;-
Akademi Seni Mangkunegaran Surakarta;2025;0;0;-
Akademi Statistika Muhammadiyah Semarang;2025;0;0;-
Akademi Teknik Elektro Medik Semarang;2025;0;0;-
Akademi Teknik PIKA;2025;50;8;1:7
Akademi Teknik Tirta Wiyata;2025;400;9;1:45
Akademi Teknik Wacana Manunggal Semarang;2025;80;13;1:7
Akademi Teknologi AUB;2025;0;0;-
AKBID Bhakti Putra Bangsa Purworejo;2025;0;0;-
AKBID Muslimat Nahdlatul Ulama Kudus;2025;0;0;-
AKBID Wira Husada Nusantara;2025;0;0;-
AMIK Harapan Bangsa Surakarta;2025;0;0;-
AMIK Jakarta Teknologi Cipta;2025;84;13;1:7
AMIK Jakarta Teknologi Cipta;2025;84;13;1:7
AMIK PGRI Kebumen;2025;0;0;-
AMIK Veteran Purwokerto;2025;0;0;-
AMIK YMI Tegal;2025;0;0;-
Institut Karya Mulia Bangsa;2025;67;47;1:2
Institut Teknologi Bisnis AAS Indonesia;2025;1018;56;1:19
Institut Teknologi Bisnis dan Kesehatan Bhakti Putra Bangsa Indonesia;2025;205;29;1:8
Institut Teknologi dan Bisnis Adias;2025;506;34;1:15
Institut Teknologi dan Bisnis Kristen Bukit Pengharapan;2025;237;20;1:12
Institut Teknologi dan Bisnis Muhammadiyah Grobogan;2025;83;15;1:6
Institut Teknologi dan Bisnis Muhammadiyah Purbalingga;2025;137;21;1:7
Institut Teknologi dan Bisnis Semarang;2025;794;46;1:18
Institut Teknologi Dan Sains Nahdlatul Ulama Pekalongan;2025;1411;60;1:24
Institut Teknologi Kesehatan Cendekia Utama Kudus;2025;1009;62;1:17
Institut Teknologi Sains dan Kesehatan PKU Muhammadiyah Surakarta;2025;1123;76;1:15
Institut Teknologi Statistika dan Bisnis Muhammadiyah Semarang;2025;175;27;1:7
Institut Teknologi Telkom Purwokerto;2025;0;0;-
Institut Widya Pratama;2025;1164;51;1:23
Politeknik Akbara;2025;301;21;1:15
Politeknik Assalaam Surakarta;2025;198;23;1:9
Politeknik ATMI Surakarta;2025;781;60;1:14
Politeknik Baja Tegal;2025;215;20;1:11
Politeknik Balekambang Jepara;2025;445;20;1:23
Politeknik Banjarnegara;2025;337;21;1:17
Politeknik Bhakti Semesta;2025;154;13;1:12
Politeknik Bina Trada Semarang;2025;154;13;1:12
Politeknik Bisnis dan Perpajakan Indonesia;2025;39;16;1:3
Politeknik Bumi Akpelni;2025;90;18;1:5
Politeknik Dharma Patria;2025;0;0;-
Politeknik Gusdurian;2025;9;15;1:1
Politeknik Harapan Bersama;2025;2465;0;-
Politeknik Indonusa Surakarta;2025;1822;78;1:24
Politeknik Insan Husada Surakarta;2025;357;16;1:23
Politeknik Katolik Mangunwijaya;2025;265;23;1:12
Politeknik Kesehatan Bhakti Mulia;2025;484;20;1:25
Politeknik Kudus;2025;0;0;-
Politeknik Maarif;2025;0;0;-
Politeknik Madyathika;2025;140;25;1:6
Politeknik Manufaktur Ceper;2025;82;21;1:4
Politeknik Mitra Karya Mandiri;2025;143;20;1:8
Politeknik Muhammadiyah Magelang;2025;33;0;-
Politeknik Muhammadiyah Tegal;2025;0;0;-
Politeknik Nest;2025;249;22;1:12
Politeknik Pancasakti Global;2025;163;15;1:11
Politeknik Piksi Ganesha Indonesia;2025;265;29;1:10
Politeknik Pratama;2025;0;0;-
Politeknik Pratama Mulia;2025;227;35;1:7
Politeknik Purbaya;2025;265;18;1:15
Politeknik Pusmanu;2025;0;0;-
Politeknik Rukun Abdi Luhur;2025;156;16;1:10
Politeknik Santo Paulus Surakarta;2025;124;0;-
Politeknik Sawunggalih Aji;2025;197;28;1:8
Politeknik Stibisnis;2025;218;22;1:10
Politeknik Trisila Dharma;2025;0;0;-
Politeknik Yakpermas Banyumas;2025;1069;21;1:51
Sekolah Tinggi Ilmu Administrasi Madani;2025;141;17;1:9
Sekolah Tinggi Ilmu Ekonomi Adi Unggul Bhirawa;2025;0;0;-
Sekolah Tinggi Ilmu Ekonomi AMA;2025;721;29;1:25
Sekolah Tinggi Ilmu Ekonomi Anindyaguna;2025;469;11;1:43
Sekolah Tinggi Ilmu Ekonomi Assholeh;2025;0;0;-
Sekolah Tinggi Ilmu Ekonomi Atma Bhakti;2025;781;17;1:46
Sekolah Tinggi Ilmu Ekonomi Bank BPD Jawa Tengah;2025;1204;43;1:28
Sekolah Tinggi Ilmu Ekonomi Cendekia Karya Utama;2025;815;16;1:51
Sekolah Tinggi Ilmu Ekonomi Dharma Putra Semarang;2025;207;31;1:7
Sekolah Tinggi Ilmu Ekonomi Muhammadiyah Cilacap;2025;310;21;1:15
Sekolah Tinggi Ilmu Ekonomi Pariwisata Indonesia;2025;1132;36;1:32
Sekolah Tinggi Ilmu Ekonomi Pelita Nusantara;2025;188;14;1:14
Sekolah Tinggi Ilmu Ekonomi Putra Bangsa;2025;0;0;-
Sekolah Tinggi Ilmu Ekonomi Rajawali;2025;305;11;1:28
Sekolah Tinggi Ilmu Ekonomi Satria;2025;84;14;1:6
Sekolah Tinggi Ilmu Ekonomi Semarang;2025;1982;0;-
Sekolah Tinggi Ilmu Ekonomi St. Pignatelli;2025;0;0;-
Sekolah Tinggi Ilmu Ekonomi Studi Ekonomi Modern;2025;1069;21;1:51
Sekolah Tinggi Ilmu Ekonomi Surakarta;2025;1516;23;1:66
Sekolah Tinggi Ilmu Ekonomi Swasta Mandiri;2025;185;12;1:16
Sekolah Tinggi Ilmu Ekonomi Tamansiswa;2025;806;16;1:51
Sekolah Tinggi Ilmu Ekonomi Totalwin;2025;2006;40;1:51
Sekolah Tinggi Ilmu Ekonomi Widya Manggala;2025;151;18;1:9
Sekolah Tinggi Ilmu Ekonomi Widya Manggalia;2025;192;6;1:32
Sekolah Tinggi Ilmu Ekonomi Wijaya Mulya;2025;141;16;1:9
Sekolah Tinggi Ilmu Ekonomi YPPI;2025;0;0;-
Sekolah Tinggi Ilmu Farmasi Nusaputera;2025;325;22;1:15
Sekolah Tinggi Ilmu Farmasi Yayasan Pharmasi;2025;1293;57;1:23
Sekolah Tinggi Ilmu Kesehatan Bakti Utama Pati;2025;79;12;1:7
Sekolah Tinggi Ilmu Kesehatan Brebes;2025;838;46;1:19
Sekolah Tinggi Ilmu Kesehatan Cendekia Utama;2025;357;41;1:9
Sekolah Tinggi Ilmu Kesehatan Duta Gama Klaten;2025;297;25;1:12
Sekolah Tinggi Ilmu Kesehatan Elisabeth Semarang;2025;353;24;1:15
Sekolah Tinggi Ilmu Kesehatan Graha Mandiri Cilacap;2025;51;0;-
Sekolah Tinggi Ilmu Kesehatan HAKLI;2025;238;30;1:8
Sekolah Tinggi Ilmu Kesehatan Kendal;2025;435;40;1:11
Sekolah Tinggi Ilmu Kesehatan Kesdam IV / Diponegoro;2025;285;17;1:17
Sekolah Tinggi Ilmu Kesehatan Mambaul Ulum Surakarta;2025;0;0;-
Sekolah Tinggi Ilmu Kesehatan Muhammadiyah Kendal;2025;0;0;-
Sekolah Tinggi Ilmu Kesehatan Muhammadiyah Wonosobo;2025;70;7;1:10
Sekolah Tinggi Ilmu Kesehatan Nasional;2025;856;65;1:14
Sekolah Tinggi Ilmu Kesehatan Ngesti Waluyo;2025;0;0;-
Sekolah Tinggi Ilmu Kesehatan Panti Kosala;2025;288;26;1:12
Sekolah Tinggi Ilmu Kesehatan Panti Wilasa;2025;0;0;-
Sekolah Tinggi Ilmu Kesehatan Pemkab Purworejo;2025;356;19;1:19
Sekolah Tinggi Ilmu Kesehatan Semarang;2025;307;15;1:21
Sekolah Tinggi Ilmu Kesehatan Serulingmas;2025;324;35;1:10
Sekolah Tinggi Ilmu Kesehatan Tujuh Belas;2025;224;34;1:7
Sekolah Tinggi Ilmu Kesehatan YLPP Purwokerto;2025;0;0;-
Sekolah Tinggi Ilmu Komputer Yos Sudarso;2025;427;30;1:15
Sekolah Tinggi Ilmu Komunikasi;2025;93;9;1:11
Sekolah Tinggi Ilmu Perikanan Kalinyamat;2025;0;0;-
Sekolah Tinggi Ilmu Pertanian Farming Semarang;2025;84;9;1:10
Sekolah Tinggi Kesehatan Ar-Rum;2025;79;12;1:7
Sekolah Tinggi Kesehatan Bina Cipta Husada;2025;357;41;1:9
Sekolah Tinggi Manajemen Informatika dan Komputer AMIKOM Surakarta;2025;616;26;1:24
Sekolah Tinggi Manajemen Informatika dan Komputer Komputama Majenang;2025;518;31;1:17
Sekolah Tinggi Manajemen Informatika dan Komputer PGRI Arungbinang Kebumen;2025;189;14;1:14
Sekolah Tinggi Manajemen Informatika dan Komputer YMI;2025;260;0;-
Sekolah Tinggi Pariwisata Sahid Surakarta;2025;508;26;1:20
Sekolah Tinggi Teknik Pati;2025;113;18;1:7
Sekolah Tinggi Teknik Wiworotomo;2025;311;25;1:13
Sekolah Tinggi Teknologi Minyak dan Gas Cilacap;2025;0;0;-
Sekolah Tinggi Teknologi Muhammadiyah Kebumen;2025;0;0;-
Sekolah Tinggi Teknologi Ronggolawe;2025;854;33;1:26
Sekolah Tinggi Teknologi Warga Surakarta;2025;644;40;1:17
STIA Asuh Mitra Solo;2025;0;0;-
STIKES Bhakti Mandala Husada Slawi;2025;0;0;-
STIKES Estu Utomo;2025;1617;31;1:53
STIKES Ibnu Sina Ajibarang;2025;156;14;1:12
STIKES Karya Husada Semarang;2025;0;0;-
STIKES Mambaul Ulum Surakarta;2025;197;33;1:6
STIKES Mitra Husada Karanganyar;2025;957;50;1:20
STIKES Muhammadiyah Gombong;2025;0;0;-
STIKES Muhammadiyah Klaten;2025;0;0;-
STIKES Muhammadiyah Tegal;2025;0;0;-
STIKES Telogorejo Semarang;2025;879;88;1:10
STIMIK Tunas Bangsa Banjarnegara;2025;339;18;1:19
STKIP Darussalam Cilacap;2025;1012;22;1:46
STKIP Majenang;2025;653;32;1:21
STKIP Muhammadiyah Batang;2025;0;0;-
STKIP Muhammadiyah Blora;2025;226;7;1:33
STKIP Nahdlatul Ulama Kabupaten Tegal;2025;317;25;1:13
STMIK AKI Pati;2025;122;16;1:8
STMIK AMIKOM Surakarta;2025;0;0;-
STMIK AUB Surakarta;2025;0;0;-
STMIK Bina Patria;2025;532;21;1:26
STMIK Himsya;2025;137;13;1:11
STMIK Komputama Majenang;2025;0;0;-
STMIK Muhammadiyah Paguyangan Brebes;2025;0;0;-
STMIK Sinar Nusantara;2025;352;76;1:5
STMIK Widya Pratama;2025;750;51;1:15
STMIK Widya Utama;2025;1756;30;1:59
STMIK YMI Tegal;2025;0;0;-
STT Minyak dan Gas Cilacap;2025;122;17;1:8
Universitas 17 Agustus 1945 Semarang;2025;2657;211;1:13
Universitas Aisyiyah Surakarta;2025;1893;72;1:27
Universitas Aki;2025;1754;58;1:31
Universitas Al Hikmah Jepara;2025;150;38;1:4
Universitas Al-Irsyad Cilacap;2025;1367;93;1:15
Universitas Amikom Purwokerto;2025;2620;115;1:23
Universitas An Nuur;2025;1422;65;1:22
Universitas Bhamada Slawi;2025;2128;93;1:23
Universitas Bima Sakapenta;2025;76;47;1:2
Universitas Boyolali;2025;1359;47;1:29
Universitas Darul Ulum Islamic Centre Sudirman;2025;2029;72;1:29
Universitas Dharma AUB Surakarta;2025;786;89;1:9
Universitas Dian Nuswantoro;2025;12385;411;1:31
Universitas Duta Bangsa Surakarta;2025;4957;235;1:22
Universitas Harapan Bangsa;2025;2309;126;1:19
Universitas Islam Batik;2025;1436;69;1:21
Universitas Islam Nahdlatul Ulama Jepara;2025;6271;151;1:42
Universitas Islam Sultan Agung;2025;21975;580;1:38
Universitas Ivet;2025;3881;155;1:26
Universitas Karya Husada Semarang;2025;975;66;1:15
Universitas Katolik Soegijapranata;2025;6773;251;1:27
Universitas Kristen Satya Wacana;2025;16876;474;1:36
Universitas Kristen Surakarta;2025;463;42;1:12
Universitas Kusuma Husada Surakarta;2025;3379;121;1:28
Universitas Maarif Nahdlatul Ulama Kebumen;2025;1128;77;1:15
Universitas Maritim AMNI;2025;1624;73;1:23
Universitas Muhadi Setiabudi;2025;1158;95;1:13
Universitas Muhammadiyah Brebes;2025;344;56;1:7
Universitas Muhammadiyah Gombong;2025;1872;98;1:20
Universitas Muhammadiyah Karanganyar;2025;920;89;1:11
Universitas Muhammadiyah Kendal Batang;2025;588;62;1:10
Universitas Muhammadiyah Klaten;2025;2158;103;1:21
Universitas Muhammadiyah Kudus;2025;2067;191;1:11
Universitas Muhammadiyah Magelang;2025;3976;180;1:23
Universitas Muhammadiyah Pekajangan Pekalongan;2025;2068;125;1:17
Universitas Muhammadiyah Purwokerto;2025;17353;470;1:37
Universitas Muhammadiyah Purworejo;2025;5178;129;1:41
Universitas Muhammadiyah Semarang;2025;14363;376;1:39
Universitas Muhammadiyah Surakarta;2025;40853;814;1:51
Universitas Muhammadiyah Tegal;2025;391;59;1:7
Universitas Muria Kudus;2025;12311;244;1:51
Universitas Nahdlatul Ulama;2025;0;0;-
Universitas Nahdlatul Ulama Al Ghazali Cilacap;2025;2249;110;1:21
Universitas Nahdlatul Ulama Purwokerto;2025;1611;166;1:10
Universitas Nahdlatul Ulama Surakarta;2025;1017;60;1:17
Universitas Nasional Karangturi Semarang;2025;245;49;1:5
Universitas Ngudi Waluyo;2025;5378;168;1:33
Universitas Pancasakti;2025;0;0;-
Universitas Pancasakti Tegal;2025;4457;202;1:23
Universitas Pandanaran;2025;1176;60;1:20
Universitas Pekalongan;2025;5287;161;1:33
Universitas Peradaban;2025;1605;104;1:16
Universitas Perwira Purbalingga;2025;17621;343;1:52
Universitas PGRI Semarang;2025;498;38;1:14
Universitas Pignatelli Triputra;2025;483;57;1:9
Universitas Putra Bangsa;2025;1803;67;1:27
Universitas Safin Pati;2025;1135;115;1:10
Universitas Sahid Surakarta;2025;1600;69;1:24
Universitas Sains Alqur an;2025;4896;211;1:24
Universitas Sains Dan Teknologi Komputer;2025;4827;178;1:28
Universitas Selamat Sri;2025;3170;129;1:25
Universitas Semarang;2025;12784;378;1:34
Universitas Setia Budi Surakarta;2025;2438;132;1:19
Universitas Slamet Riyadi;2025;3854;181;1:22
Universitas Sragen;2025;215;35;1:7
Universitas Stikubank;2025;1872;109;1:18
Universitas Sugeng Hartono;2025;412;40;1:11
Universitas Sultan Fatah;2025;1044;64;1:17
Universitas Surakarta;2025;2115;117;1:19
Universitas Tidar Magelang;2025;0;0;-
Universitas Tunas Pembangunan Surakarta (UTP);2025;2517;118;1:22
Universitas Veteran Bangun Nusantara;2025;6696;162;1:42
Universitas Wahid Hasyim;2025;8504;254;1:34
Universitas Widya Dharma;2025;2383;112;1:22
Universitas Widya Husada Semarang;2025;1427;78;1:19
Universitas Wijaya Kusuma Purwokerto;2025;3910;111;1:36
Universitas YPPI Rembang;2025;346;37;1:10
